username,anime_id,my_watched_episodes,my_start_date,my_finish_date,my_score,my_status,my_rewatching,my_rewatching_ep,my_last_updated,my_tags
karthiga,21,586,0000-00-00,0000-00-00,9,1,,0,1362307973,
karthiga,59,26,0000-00-00,0000-00-00,7,2,,0,1362923691,
karthiga,74,26,0000-00-00,0000-00-00,7,2,,0,1367081015,
karthiga,120,26,0000-00-00,0000-00-00,7,2,,0,1362308037,
karthiga,178,26,0000-00-00,0000-00-00,7,2,0,0,1364399953,
karthiga,210,161,0000-00-00,0000-00-00,7,2,,0,1362923826,
karthiga,232,70,0000-00-00,0000-00-00,6,2,,0,1362849882,
karthiga,233,78,0000-00-00,0000-00-00,6,2,,0,1362893384,
karthiga,249,167,0000-00-00,0000-00-00,8,2,,0,1363709086,
karthiga,269,366,0000-00-00,0000-00-00,10,2,,0,1362303563,
karthiga,721,38,0000-00-00,0000-00-00,7,2,,0,1367079833,
karthiga,853,26,0000-00-00,0000-00-00,7,2,,0,1362923847,
karthiga,857,25,0000-00-00,0000-00-00,10,2,0,0,1362316795,
karthiga,957,39,0000-00-00,0000-00-00,8,2,,0,1367080458,
karthiga,966,506,0000-00-00,0000-00-00,10,1,,0,1362925799,
karthiga,1557,26,0000-00-00,0000-00-00,8,2,,0,1367764692,
karthiga,1571,25,0000-00-00,0000-00-00,8,2,,0,1367080297,
karthiga,1579,25,0000-00-00,0000-00-00,9,2,,0,1367081073,
karthiga,1698,23,0000-00-00,0000-00-00,7,2,,0,1367079267,
karthiga,1735,303,0000-00-00,0000-00-00,9,1,,0,1362922669,
karthiga,1914,39,0000-00-00,0000-00-00,7,2,,0,1367079894,
karthiga,1974,51,0000-00-00,0000-00-00,8,2,,0,1367079724,
karthiga,2104,26,0000-00-00,0000-00-00,7,2,,0,1367080341,
karthiga,2564,12,0000-00-00,0000-00-00,5,2,,0,1362925187,
karthiga,2787,24,0000-00-00,0000-00-00,8,2,,0,1367080870,
karthiga,3092,12,0000-00-00,0000-00-00,8,2,,0,1367079699,
karthiga,3731,25,0000-00-00,0000-00-00,8,2,,0,1367081125,
karthiga,4224,25,0000-00-00,0000-00-00,6,2,,0,1364832923,
karthiga,4477,11,0000-00-00,0000-00-00,8,2,,0,1367079681,
karthiga,4722,25,0000-00-00,0000-00-00,8,2,,0,1367079585,
karthiga,4814,12,0000-00-00,0000-00-00,7,2,,0,1367079539,
karthiga,5262,51,0000-00-00,0000-00-00,7,2,,0,1367763835,
karthiga,5690,11,0000-00-00,0000-00-00,8,2,,0,1367079563,
karthiga,5835,39,0000-00-00,0000-00-00,7,2,,0,1367080840,
karthiga,6045,25,0000-00-00,0000-00-00,6,2,,0,1362848695,
karthiga,6586,50,0000-00-00,0000-00-00,6,2,,0,1362925110,
karthiga,6645,12,0000-00-00,0000-00-00,5,2,,0,1362924939,
karthiga,7054,26,0000-00-00,0000-00-00,9,2,,0,1362308076,
karthiga,7674,25,0000-00-00,0000-00-00,7,2,,0,1367079743,
karthiga,7817,12,0000-00-00,0000-00-00,5,2,,0,1362849389,
karthiga,9513,60,0000-00-00,0000-00-00,7,2,,0,1362849605,
karthiga,9656,12,0000-00-00,0000-00-00,8,2,,0,1367079656,
karthiga,9863,77,0000-00-00,0000-00-00,7,2,,0,1367078959,
karthiga,9926,12,0000-00-00,0000-00-00,7,2,,0,1367079805,
karthiga,10030,25,0000-00-00,0000-00-00,8,2,,0,1367079325,
karthiga,10800,25,0000-00-00,0000-00-00,7,2,0,0,1364739263,
karthiga,11013,12,0000-00-00,0000-00-00,8,2,,0,1367763899,
karthiga,11123,12,0000-00-00,0000-00-00,7,2,,0,1367079389,
karthiga,11759,24,0000-00-00,0000-00-00,5,2,,0,1363529485,
karthiga,12365,25,0000-00-00,0000-00-00,8,2,,0,1367079163,
karthiga,14227,13,0000-00-00,0000-00-00,8,2,,0,1367080635,
karthiga,14397,0,0000-00-00,0000-00-00,7,3,0,0,1364739301,
karthiga,14713,13,0000-00-00,0000-00-00,10,2,,0,1362308125,
RedvelvetDaisuki,1,26,2012-00-00,2014-08-08,8,2,,0,1407479649,
RedvelvetDaisuki,7,0,0000-00-00,0000-00-00,0,6,0,0,1355478414,
RedvelvetDaisuki,16,4,2013-03-23,0000-00-00,4,3,,0,1364134472,
RedvelvetDaisuki,19,74,2012-12-14,2012-12-19,9,2,,0,1355935732,
RedvelvetDaisuki,20,220,2012-08-00,2012-08-00,9,2,,0,1355471991,
RedvelvetDaisuki,21,0,0000-00-00,0000-00-00,0,3,0,0,1355480701,
RedvelvetDaisuki,24,0,0000-00-00,0000-00-00,0,6,,0,1359815643,
RedvelvetDaisuki,25,0,0000-00-00,0000-00-00,0,6,0,0,1359776811,
RedvelvetDaisuki,26,22,2013-01-24,2013-01-26,6,2,,0,1359207205,
RedvelvetDaisuki,30,26,2015-01-12,2015-01-22,8,2,,0,1421863474,
RedvelvetDaisuki,31,1,2015-01-22,2015-01-22,7,2,,0,1421929558,
RedvelvetDaisuki,32,1,2015-01-22,2015-01-22,9,2,,0,1421929481,
RedvelvetDaisuki,33,1,2015-03-09,0000-00-00,0,1,,0,1425835267,
RedvelvetDaisuki,43,0,0000-00-00,0000-00-00,0,6,,0,1355483005,
RedvelvetDaisuki,44,4,2014-02-25,2014-02-25,9,2,,0,1393697174,
RedvelvetDaisuki,45,94,2014-01-03,2014-02-22,8,2,,0,1393070989,
RedvelvetDaisuki,47,0,0000-00-00,0000-00-00,0,6,0,0,1355483500,
RedvelvetDaisuki,52,0,0000-00-00,0000-00-00,0,6,0,0,1355575702,
RedvelvetDaisuki,57,0,0000-00-00,0000-00-00,0,6,0,0,1365476306,
RedvelvetDaisuki,60,0,0000-00-00,0000-00-00,0,6,,0,1356013012,
RedvelvetDaisuki,68,0,0000-00-00,0000-00-00,0,6,,0,1356013198,
RedvelvetDaisuki,93,8,2013-02-02,0000-00-00,0,3,,0,1359785004,
RedvelvetDaisuki,104,0,0000-00-00,0000-00-00,0,6,0,0,1355483521,
RedvelvetDaisuki,107,0,0000-00-00,0000-00-00,0,6,0,0,1356016160,
RedvelvetDaisuki,108,0,0000-00-00,0000-00-00,0,6,0,0,1356016141,
RedvelvetDaisuki,120,1,2013-02-02,0000-00-00,3,3,,0,1359808073,
RedvelvetDaisuki,121,51,2012-12-25,2012-12-27,6,2,,0,1356582419,"Military, Superpower, Shonen"
RedvelvetDaisuki,123,52,2015-03-16,2015-03-20,8,2,,0,1426856260,
RedvelvetDaisuki,130,0,0000-00-00,0000-00-00,0,6,,0,1358681992,
RedvelvetDaisuki,131,0,0000-00-00,0000-00-00,0,6,,0,1358681979,
RedvelvetDaisuki,134,13,2013-03-27,2013-03-27,5,2,,0,1364378494,
RedvelvetDaisuki,135,0,0000-00-00,0000-00-00,0,6,,0,1355485077,
RedvelvetDaisuki,136,0,0000-00-00,0000-00-00,0,6,,0,1355473831,
RedvelvetDaisuki,145,26,2014-01-01,2014-01-02,8,2,,0,1388654607,
RedvelvetDaisuki,149,12,2013-01-29,2013-01-29,2,2,,0,1359454377,
RedvelvetDaisuki,150,3,0000-00-00,0000-00-00,0,3,,0,1358948849,
RedvelvetDaisuki,153,0,0000-00-00,0000-00-00,0,6,0,0,1355483315,
RedvelvetDaisuki,164,1,2013-10-30,2013-10-30,9,2,,0,1383142904,9+
RedvelvetDaisuki,165,0,0000-00-00,0000-00-00,0,6,,0,1355483156,
RedvelvetDaisuki,198,0,0000-00-00,0000-00-00,0,6,0,0,1355484383,
RedvelvetDaisuki,199,1,0000-00-00,0000-00-00,8,2,,0,1355539935,
RedvelvetDaisuki,202,0,0000-00-00,0000-00-00,0,6,,0,1355483461,
RedvelvetDaisuki,205,26,2013-03-25,2013-03-27,8,2,,0,1364358860,
RedvelvetDaisuki,208,3,2013-03-21,2013-03-21,5,2,,0,1363845099,
RedvelvetDaisuki,209,0,0000-00-00,0000-00-00,0,6,0,0,1363845144,
RedvelvetDaisuki,226,13,2013-01-16,2013-01-16,4,2,,0,1358336748,"Sci-fi, Psychological"
RedvelvetDaisuki,227,6,2015-05-17,2015-05-17,8,2,,0,1431871495,
RedvelvetDaisuki,228,26,0000-00-00,0000-00-00,5,2,,0,1362661869,
RedvelvetDaisuki,235,0,0000-00-00,0000-00-00,0,6,,0,1355473736,
RedvelvetDaisuki,237,50,2015-06-09,2015-00-00,7,2,0,0,1518188566,
RedvelvetDaisuki,239,24,2013-03-05,2013-03-08,7,2,,0,1362746954,"Mystery, Thriller, Seinen, Classic"
RedvelvetDaisuki,243,2,0000-00-00,0000-00-00,0,3,,0,1357635049,
RedvelvetDaisuki,245,43,2016-03-12,2016-03-16,8,2,0,0,1458061953,
RedvelvetDaisuki,251,20,2013-01-09,0000-00-00,4,3,,0,1357918034,
RedvelvetDaisuki,252,0,0000-00-00,0000-00-00,0,6,0,0,1355484105,
RedvelvetDaisuki,258,0,0000-00-00,0000-00-00,0,6,0,0,1355483782,
RedvelvetDaisuki,268,6,2017-00-00,2017-00-00,9,2,0,0,1518187890,
RedvelvetDaisuki,269,282,2012-11-00,0000-00-00,6,3,,0,1356862702,
RedvelvetDaisuki,270,13,2013-01-18,2013-01-18,4,2,,0,1395733083,
RedvelvetDaisuki,276,0,0000-00-00,0000-00-00,0,6,,0,1363611814,
RedvelvetDaisuki,279,0,0000-00-00,0000-00-00,0,6,0,0,1355485095,
RedvelvetDaisuki,320,0,0000-00-00,0000-00-00,0,6,,0,1355483939,
RedvelvetDaisuki,323,13,2018-03-10,2018-03-11,7,2,0,0,1520760783,
RedvelvetDaisuki,326,0,0000-00-00,0000-00-00,0,6,0,0,1355484248,
RedvelvetDaisuki,339,13,2018-02-22,2018-02-23,5,2,0,0,1519471836,
RedvelvetDaisuki,341,0,0000-00-00,0000-00-00,0,6,,0,1355964727,
RedvelvetDaisuki,345,12,2013-03-23,2013-03-23,6,2,,0,1364046761,"Seinen, Gothic"
RedvelvetDaisuki,355,0,0000-00-00,0000-00-00,0,6,0,0,1357404725,
RedvelvetDaisuki,356,0,0000-00-00,0000-00-00,0,6,,0,1356012466,
RedvelvetDaisuki,357,0,0000-00-00,0000-00-00,0,6,0,0,1365858591,
RedvelvetDaisuki,369,0,0000-00-00,0000-00-00,0,6,0,0,1355478012,
RedvelvetDaisuki,384,13,2013-01-03,2013-01-04,9,2,,0,1357314743,"Sci-Fi, Mystery, Thriller,Survival, Ecchi,  Seinen"
RedvelvetDaisuki,387,0,0000-00-00,0000-00-00,0,6,0,0,1355483281,
RedvelvetDaisuki,392,112,2017-04-00,2017-04-28,6,2,0,0,1493452598,
RedvelvetDaisuki,393,0,0000-00-00,0000-00-00,0,6,0,0,1364831795,
RedvelvetDaisuki,395,13,2013-01-04,2013-01-05,9,2,,0,1357379277,"Sci-Fi, Mystery, Thriller,Survival, Ecchi,  Seinen"
RedvelvetDaisuki,401,1,2014-03-05,0000-00-00,0,1,,0,1394022661,
RedvelvetDaisuki,405,0,0000-00-00,0000-00-00,0,6,0,0,1357561098,
RedvelvetDaisuki,419,0,0000-00-00,0000-00-00,0,6,0,0,1358942849,
RedvelvetDaisuki,430,1,2012-12-27,2012-12-27,5,2,,0,1356612395,"Military, Superpower, Shonen"
RedvelvetDaisuki,431,1,2013-09-00,2013-09-00,10,2,,0,1382453715,
RedvelvetDaisuki,437,1,2018-02-17,2018-02-17,10,2,0,0,1519197979,
RedvelvetDaisuki,438,0,0000-00-00,0000-00-00,0,6,,0,1355478305,
RedvelvetDaisuki,440,0,0000-00-00,0000-00-00,0,6,,0,1355483179,
RedvelvetDaisuki,442,1,2012-09-00,2012-09-00,7,2,0,0,1355472044,
RedvelvetDaisuki,457,2,2013-01-18,0000-00-00,6,3,,0,1358516673,
RedvelvetDaisuki,467,0,0000-00-00,0000-00-00,0,6,0,0,1356272812,
RedvelvetDaisuki,483,0,0000-00-00,0000-00-00,0,6,0,0,1355475876,
RedvelvetDaisuki,486,13,2013-03-02,2013-03-03,7,2,,0,1362285328,
RedvelvetDaisuki,512,1,2014-06-23,2014-06-23,7,2,,0,1403760031,
RedvelvetDaisuki,513,1,2014-06-26,2014-06-26,7,2,,0,1403759639,
RedvelvetDaisuki,514,3,2012-12-31,2012-12-31,5,2,,0,1356924949,Gothic
RedvelvetDaisuki,523,1,0000-00-00,0000-00-00,8,2,,0,1355539882,Supernatural
RedvelvetDaisuki,534,0,0000-00-00,0000-00-00,0,6,0,0,1355480627,
RedvelvetDaisuki,543,0,0000-00-00,0000-00-00,0,6,,0,1355477912,
RedvelvetDaisuki,553,5,0000-00-00,0000-00-00,0,3,,0,1357702410,
RedvelvetDaisuki,570,0,0000-00-00,0000-00-00,0,6,0,0,1355477951,
RedvelvetDaisuki,578,1,2013-11-17,2013-11-17,10,2,,0,1384669079,
RedvelvetDaisuki,584,24,2013-03-03,2013-00-00,6,2,,0,1374306246,
RedvelvetDaisuki,585,1,2014-06-22,2014-06-22,7,2,,0,1403616342,
RedvelvetDaisuki,594,0,0000-00-00,0000-00-00,0,6,0,0,1355472344,
RedvelvetDaisuki,597,1,2013-10-21,2013-10-21,6,2,,0,1382453621,
RedvelvetDaisuki,601,0,0000-00-00,0000-00-00,0,6,0,0,1355483392,
RedvelvetDaisuki,617,1,2014-10-20,2014-10-20,7,2,,0,1413820360,
RedvelvetDaisuki,620,0,0000-00-00,0000-00-00,0,6,,0,1355477865,
RedvelvetDaisuki,634,0,0000-00-00,0000-00-00,0,6,0,0,1355483352,
RedvelvetDaisuki,658,0,0000-00-00,0000-00-00,0,6,0,0,1355482379,
RedvelvetDaisuki,721,38,2014-07-27,2014-00-00,8,2,0,0,1518188540,
RedvelvetDaisuki,724,2,2013-02-04,2013-02-04,6,2,,0,1359973794,"Historical, Drama, Yaoi"
RedvelvetDaisuki,732,0,0000-00-00,0000-00-00,0,6,,0,1355477904,
RedvelvetDaisuki,741,0,0000-00-00,0000-00-00,0,6,,0,1359850288,Yaoi
RedvelvetDaisuki,746,2,2013-04-03,2013-04-03,6,2,,0,1365000874,Yaoi
RedvelvetDaisuki,747,0,0000-00-00,0000-00-00,0,6,,0,1360455351,Yaoi
RedvelvetDaisuki,761,0,0000-00-00,0000-00-00,0,6,0,0,1355472425,
RedvelvetDaisuki,762,0,0000-00-00,0000-00-00,0,6,0,0,1355472488,
RedvelvetDaisuki,777,10,2013-01-18,2013-01-18,3,2,,0,1358496619,
RedvelvetDaisuki,782,0,0000-00-00,0000-00-00,0,6,0,0,1355483671,
RedvelvetDaisuki,790,0,0000-00-00,0000-00-00,0,6,0,0,1355483624,
RedvelvetDaisuki,795,0,0000-00-00,0000-00-00,0,6,0,0,1355483408,
RedvelvetDaisuki,834,0,0000-00-00,0000-00-00,0,6,0,0,1355472544,
RedvelvetDaisuki,849,14,2013-01-26,2013-01-26,5,2,,0,1359268806,
RedvelvetDaisuki,850,0,0000-00-00,0000-00-00,0,6,,0,1359850134,"Yaoi
"
RedvelvetDaisuki,853,26,2012-12-24,2012-12-24,9,2,,0,1356356031,
RedvelvetDaisuki,855,2,2013-04-17,0000-00-00,0,3,,0,1366197616,
RedvelvetDaisuki,861,3,2013-01-08,0000-00-00,0,3,,0,1357635082,
RedvelvetDaisuki,875,0,0000-00-00,0000-00-00,0,6,0,0,1355484166,
RedvelvetDaisuki,877,47,2014-07-09,2014-07-12,8,2,,0,1405160278,
RedvelvetDaisuki,885,1,2015-04-04,2015-04-04,5,2,,0,1428126188,
RedvelvetDaisuki,889,0,0000-00-00,0000-00-00,0,6,,0,1355482305,
RedvelvetDaisuki,907,0,0000-00-00,0000-00-00,0,6,,0,1359850843,Yaoi
RedvelvetDaisuki,918,7,2013-02-04,0000-00-00,0,3,,0,1360486129,
RedvelvetDaisuki,934,9,2013-01-06,0000-00-00,8,3,,0,1357455328,
RedvelvetDaisuki,936,1,2012-09-00,2012-09-00,7,2,0,0,1355472071,
RedvelvetDaisuki,967,22,2017-10-06,0000-00-00,0,1,0,0,1507613623,
RedvelvetDaisuki,1004,0,0000-00-00,0000-00-00,0,6,0,0,1355484325,
RedvelvetDaisuki,1013,0,0000-00-00,0000-00-00,0,6,,0,1360593309,"Seinen, Gothic"
RedvelvetDaisuki,1033,0,0000-00-00,0000-00-00,0,6,0,0,1355484141,
RedvelvetDaisuki,1072,0,0000-00-00,0000-00-00,0,6,0,0,1355484398,
RedvelvetDaisuki,1074,0,0000-00-00,0000-00-00,0,6,0,0,1355472429,
RedvelvetDaisuki,1085,0,0000-00-00,0000-00-00,0,6,,0,1355483831,
RedvelvetDaisuki,1136,0,0000-00-00,0000-00-00,0,6,0,0,1355483537,
RedvelvetDaisuki,1145,0,0000-00-00,0000-00-00,0,6,0,0,1355483333,
RedvelvetDaisuki,1192,0,0000-00-00,0000-00-00,0,6,,0,1355478037,
RedvelvetDaisuki,1210,24,2013-01-20,2013-01-20,9,2,,0,1358680505,
RedvelvetDaisuki,1216,1,2013-12-14,2013-12-14,6,2,,0,1387240365,
RedvelvetDaisuki,1222,0,0000-00-00,0000-00-00,0,6,,0,1376057715,"Shojo, Romance, Slice of Life, Drama"
RedvelvetDaisuki,1243,0,0000-00-00,0000-00-00,0,6,0,0,1355475079,
RedvelvetDaisuki,1246,0,0000-00-00,0000-00-00,0,6,,0,1361172749,"Psychological Mystery Military
"
RedvelvetDaisuki,1292,0,0000-00-00,0000-00-00,0,6,0,0,1359776898,
RedvelvetDaisuki,1412,23,2018-04-00,2018-04-00,9,2,0,0,1525445618,
RedvelvetDaisuki,1425,155,2018-05-00,2018-05-00,10,2,0,0,1525445712,
RedvelvetDaisuki,1457,0,0000-00-00,0000-00-00,0,6,0,0,1355483912,
RedvelvetDaisuki,1470,0,0000-00-00,0000-00-00,0,6,,0,1359732163,
RedvelvetDaisuki,1482,3,0000-00-00,0000-00-00,0,3,,0,1359805392,
RedvelvetDaisuki,1494,0,0000-00-00,0000-00-00,0,6,0,0,1355484986,
RedvelvetDaisuki,1508,0,0000-00-00,0000-00-00,0,6,0,0,1355484306,
RedvelvetDaisuki,1517,0,0000-00-00,0000-00-00,0,6,,0,1355484370,
RedvelvetDaisuki,1520,0,0000-00-00,0000-00-00,0,6,,0,1355483583,
RedvelvetDaisuki,1535,37,2012-10-00,2012-10-00,10,2,,0,1355472929,"Mystery, Thriller, Supernatural, Psychological, Shonen"
RedvelvetDaisuki,1556,0,0000-00-00,0000-00-00,0,6,0,0,1355485354,
RedvelvetDaisuki,1562,1,2013-01-31,0000-00-00,3,3,,0,1359628320,
RedvelvetDaisuki,1571,0,0000-00-00,0000-00-00,0,6,0,0,1363663262,
RedvelvetDaisuki,1575,25,2012-12-22,2012-12-22,10,2,,0,1356188524,"Mystery, Thriller, Superpower, Military, Seinen"
RedvelvetDaisuki,1604,0,0000-00-00,0000-00-00,0,6,,0,1355480795,
RedvelvetDaisuki,1611,0,0000-00-00,0000-00-00,0,6,0,0,1355924709,
RedvelvetDaisuki,1639,1,2013-00-00,0000-00-00,8,2,,0,1375458865,
RedvelvetDaisuki,1686,1,2012-11-00,2012-11-00,7,2,0,0,1355472501,"Superpower, Shonen"
RedvelvetDaisuki,1689,3,2013-11-02,2013-11-02,4,2,,0,1383397476,
RedvelvetDaisuki,1690,0,0000-00-00,0000-00-00,0,6,0,0,1357405085,
RedvelvetDaisuki,1698,23,2013-03-21,2013-03-22,8,2,,0,1363966718,
RedvelvetDaisuki,1735,312,2012-00-00,0000-00-00,9,3,,0,1370404182,
RedvelvetDaisuki,1818,0,0000-00-00,0000-00-00,0,3,,0,1357830300,
RedvelvetDaisuki,1829,1,2013-11-01,2013-11-01,8,2,,0,1383320778,
RedvelvetDaisuki,1887,24,2013-02-06,2013-02-08,6,2,,0,1360334547,
RedvelvetDaisuki,1889,0,0000-00-00,0000-00-00,0,6,,0,1355474927,
RedvelvetDaisuki,1943,0,0000-00-00,0000-00-00,0,6,0,0,1355484222,
RedvelvetDaisuki,1952,0,0000-00-00,0000-00-00,0,6,,0,1355477892,
RedvelvetDaisuki,1953,9,0000-00-00,0000-00-00,6,2,,0,1356271824,"Military, Seinen"
RedvelvetDaisuki,2000,0,0000-00-00,0000-00-00,0,6,0,0,1355484281,
RedvelvetDaisuki,2001,27,2013-10-24,2014-02-01,8,2,,0,1391259273,
RedvelvetDaisuki,2025,15,2013-01-06,0000-00-00,4,3,,0,1357560742,
RedvelvetDaisuki,2034,24,2014-07-19,2014-07-27,6,2,,0,1407504695,
RedvelvetDaisuki,2035,12,2013-07-00,2013-07-00,5,2,,0,1374163596,
RedvelvetDaisuki,2144,1,2012-09-00,2012-09-00,6,2,,0,1355472095,
RedvelvetDaisuki,2148,4,2013-04-16,2013-04-20,7,2,,0,1366472593,Yaoi
RedvelvetDaisuki,2154,0,0000-00-00,0000-00-00,0,6,0,0,1355484428,
RedvelvetDaisuki,2161,0,0000-00-00,0000-00-00,0,6,0,0,1355484468,
RedvelvetDaisuki,2164,0,0000-00-00,0000-00-00,0,6,0,0,1364831283,
RedvelvetDaisuki,2167,7,0000-00-00,0000-00-00,2,3,,0,1357712727,
RedvelvetDaisuki,2216,0,0000-00-00,0000-00-00,0,6,0,0,1359123532,
RedvelvetDaisuki,2236,1,2013-03-17,2013-03-17,8,2,,0,1363487894,"Psychological, Romance, Time Travel"
RedvelvetDaisuki,2238,0,0000-00-00,0000-00-00,0,6,,0,1359975454,Yaoi
RedvelvetDaisuki,2246,0,0000-00-00,0000-00-00,0,6,,0,1355477774,
RedvelvetDaisuki,2248,0,0000-00-00,0000-00-00,0,6,0,0,1355472349,
RedvelvetDaisuki,2251,13,2013-01-30,2013-02-02,5,2,,0,1359772729,"Supernatural, Mafia"
RedvelvetDaisuki,2346,1,2013-01-22,2013-01-22,2,2,,0,1358839468,
RedvelvetDaisuki,2404,0,0000-00-00,0000-00-00,0,6,,0,1355964946,
RedvelvetDaisuki,2417,0,0000-00-00,0000-00-00,0,6,,0,1359851046,Yaoi
RedvelvetDaisuki,2472,1,2012-09-00,2012-09-00,7,2,,0,1355472139,
RedvelvetDaisuki,2476,0,0000-00-00,0000-00-00,0,6,0,0,1363446550,
RedvelvetDaisuki,2559,0,0000-00-00,0000-00-00,0,6,0,0,1364210994,
RedvelvetDaisuki,2562,0,0000-00-00,0000-00-00,0,6,0,0,1355482401,
RedvelvetDaisuki,2581,2,2013-02-02,0000-00-00,0,3,,0,1359774826,
RedvelvetDaisuki,2593,0,0000-00-00,0000-00-00,0,6,,0,1355483881,
RedvelvetDaisuki,2596,0,0000-00-00,0000-00-00,0,6,0,0,1355478630,
RedvelvetDaisuki,2605,12,2013-04-23,2013-04-25,7,2,,0,1366864908,"Comedy, Satire"
RedvelvetDaisuki,2622,0,0000-00-00,0000-00-00,0,6,,0,1355483560,
RedvelvetDaisuki,2759,1,2013-01-19,2013-01-19,6,2,,0,1358565229,"Sci-Fi, Psychological"
RedvelvetDaisuki,2889,1,2012-11-00,2012-11-00,6,2,,0,1355472525,"Superpower, Shonen"
RedvelvetDaisuki,2890,1,2010-00-00,0000-00-00,9,2,,0,1355539895,"Psychedelic, Fantasy, Studio Ghibli"
RedvelvetDaisuki,2904,25,2012-12-23,2012-12-23,10,2,,0,1356261860,"Mystery, Thriller, Superpower, Military, Seinen"
RedvelvetDaisuki,2994,2,0000-00-00,0000-00-00,7,2,,0,1355593975,"Mystery, Thriller, Supernatural, Psychological, Shonen"
RedvelvetDaisuki,3043,1,2011-00-00,0000-00-00,7,2,,0,1366617422,Classic Remake
RedvelvetDaisuki,3089,1,2015-04-04,2015-04-04,4,2,,0,1428136404,
RedvelvetDaisuki,3092,12,2012-12-29,2012-12-30,10,2,,0,1365348815,"Slice of Life, Comedy, Romance, Yaoi"
RedvelvetDaisuki,3167,0,0000-00-00,0000-00-00,0,6,0,0,1364831815,
RedvelvetDaisuki,3228,13,2013-04-25,2013-04-27,7,2,,0,1367063069,"Comedy, Satire"
RedvelvetDaisuki,3231,13,2013-04-05,2013-04-05,5,2,,0,1365165293,
RedvelvetDaisuki,3323,0,0000-00-00,0000-00-00,0,6,,0,1355483951,
RedvelvetDaisuki,3342,0,0000-00-00,0000-00-00,0,6,0,0,1355479800,
RedvelvetDaisuki,3354,0,0000-00-00,0000-00-00,0,6,,0,1355965020,
RedvelvetDaisuki,3375,2,2013-03-26,2013-03-26,6,2,,0,1364262924,Yaoi
RedvelvetDaisuki,3407,0,0000-00-00,0000-00-00,0,6,0,0,1362480520,
RedvelvetDaisuki,3420,0,0000-00-00,0000-00-00,0,6,0,0,1355476491,
RedvelvetDaisuki,3457,13,2013-02-09,2013-02-09,5,2,,0,1360398813,"Supernatural, Shojo"
RedvelvetDaisuki,3470,24,2013-12-30,2014-01-01,4,2,,0,1388553553,comedy shojo
RedvelvetDaisuki,3488,1,2014-10-26,2014-10-26,5,2,,0,1414335864,
RedvelvetDaisuki,3508,0,0000-00-00,0000-00-00,0,6,,0,1355483683,
RedvelvetDaisuki,3588,51,2014-04-14,2014-05-14,8,2,,0,1400075593,
RedvelvetDaisuki,3652,0,0000-00-00,0000-00-00,0,6,0,0,1355477128,
RedvelvetDaisuki,3655,0,0000-00-00,0000-00-00,0,6,0,0,1365475273,
RedvelvetDaisuki,3656,0,0000-00-00,0000-00-00,0,6,,0,1359975592,Shonen ai
RedvelvetDaisuki,3701,0,0000-00-00,0000-00-00,0,6,,0,1364832458,9+
RedvelvetDaisuki,3784,1,2013-02-17,2013-02-17,7,2,,0,1361100817,"Sci-Fi, Psychological"
RedvelvetDaisuki,3829,0,0000-00-00,0000-00-00,0,6,0,0,1366200169,
RedvelvetDaisuki,3859,0,0000-00-00,0000-00-00,0,6,0,0,1355478542,
RedvelvetDaisuki,3901,3,2013-02-02,2013-02-02,5,2,,0,1359772791,"Supernatural, Mafia"
RedvelvetDaisuki,4021,12,2013-03-17,2013-03-17,5,2,,0,1363533351,"Shonen Ai, Slice of Life"
RedvelvetDaisuki,4039,0,0000-00-00,0000-00-00,0,6,,0,1360506910,
RedvelvetDaisuki,4063,2,0000-00-00,0000-00-00,4,3,,0,1359723399,
RedvelvetDaisuki,4081,0,2014-03-09,0000-00-00,0,3,,0,1394950082,
RedvelvetDaisuki,4134,0,0000-00-00,0000-00-00,0,6,0,0,1355472382,
RedvelvetDaisuki,4224,25,2014-08-10,2014-08-13,7,2,,0,1407900648,
RedvelvetDaisuki,4437,1,2012-10-00,2012-10-00,6,2,,0,1355472305,
RedvelvetDaisuki,4654,24,2013-01-31,2013-00-00,4,2,,0,1359726897,"Supernatural, Philosophical"
RedvelvetDaisuki,4715,0,0000-00-00,0000-00-00,0,6,0,0,1356015906,
RedvelvetDaisuki,4720,0,0000-00-00,0000-00-00,0,6,0,0,1365314481,
RedvelvetDaisuki,4725,0,0000-00-00,0000-00-00,0,6,0,0,1355476448,
RedvelvetDaisuki,4752,0,0000-00-00,0000-00-00,0,6,,0,1355473257,
RedvelvetDaisuki,4765,2,2013-06-08,2013-06-08,5,2,,0,1370701335,
RedvelvetDaisuki,4814,12,2012-12-31,2012-12-31,10,2,,0,1365839888,"Slice of Life, Comedy, Romance, Yaoi"
RedvelvetDaisuki,4835,1,2012-11-00,2012-11-00,6,2,,0,1355472478,"Superpower, Shonen"
RedvelvetDaisuki,4866,1,2013-00-00,2013-00-00,8,2,,0,1375458909,
RedvelvetDaisuki,4872,3,2013-04-28,2013-04-29,7,2,,0,1367207163,"Comedy, Satire"
RedvelvetDaisuki,4879,0,0000-00-00,0000-00-00,0,6,0,0,1355482363,
RedvelvetDaisuki,4896,0,0000-00-00,0000-00-00,0,6,0,0,1355474999,
RedvelvetDaisuki,4898,24,2012-12-20,2012-12-21,9,2,,0,1370771196,
RedvelvetDaisuki,4921,1,2014-09-00,2014-09-00,6,2,,0,1413718569,
RedvelvetDaisuki,4975,12,2013-01-19,2013-01-19,6,2,,0,1358598174,"Mystery, Psychological, Seinen"
RedvelvetDaisuki,4981,0,0000-00-00,0000-00-00,0,6,0,0,1355482292,
RedvelvetDaisuki,5030,12,2013-12-31,2014-01-01,7,2,,0,1388562604,
RedvelvetDaisuki,5042,1,2013-11-16,0000-00-00,0,1,,0,1384571554,
RedvelvetDaisuki,5060,3,2013-01-19,0000-00-00,0,3,,0,1358607165,
RedvelvetDaisuki,5081,15,2013-04-04,2013-04-15,7,2,,0,1366015418,"Comedy, Harem, Supernatural, Shonen"
RedvelvetDaisuki,5114,64,2016-03-26,2016-03-30,10,2,0,0,1459292815,
RedvelvetDaisuki,5155,0,0000-00-00,0000-00-00,0,6,0,0,1355483709,
RedvelvetDaisuki,5177,2,2015-03-22,2015-03-22,4,2,,0,1427010751,
RedvelvetDaisuki,5365,1,2015-04-04,2015-04-04,10,2,,0,1428131369,9+
RedvelvetDaisuki,5391,1,2013-00-00,2013-00-00,8,2,,0,1375458890,
RedvelvetDaisuki,5420,0,0000-00-00,0000-00-00,0,6,,0,1355483032,
RedvelvetDaisuki,5530,25,2013-03-18,2013-03-20,6,2,,0,1363766976,Gothic
RedvelvetDaisuki,5630,0,0000-00-00,0000-00-00,0,6,0,0,1355483766,
RedvelvetDaisuki,5651,0,0000-00-00,0000-00-00,0,6,,0,1385378817,Rated R
RedvelvetDaisuki,5681,1,2014-06-14,2014-06-14,7,2,,0,1402872401,
RedvelvetDaisuki,5682,26,2013-02-11,2013-02-11,7,2,,0,1360626621,
RedvelvetDaisuki,5719,0,0000-00-00,0000-00-00,0,6,,0,1359975199,Yaoi
RedvelvetDaisuki,5774,1,2013-02-10,0000-00-00,0,1,,0,1360497593,Yaoi
RedvelvetDaisuki,5784,2,2013-02-05,0000-00-00,0,3,,0,1360069119,Yaoi
RedvelvetDaisuki,5941,50,2018-04-12,2018-04-13,9,2,0,0,1523709457,
RedvelvetDaisuki,5958,0,0000-00-00,0000-00-00,0,6,,0,1363611782,
RedvelvetDaisuki,6045,25,2014-03-16,2014-03-22,6,2,,0,1395424311,
RedvelvetDaisuki,6098,0,0000-00-00,0000-00-00,0,6,,0,1364485160,Comedy
RedvelvetDaisuki,6114,6,2013-03-24,0000-00-00,0,3,,0,1364107921,"Seinen, Thriller"
RedvelvetDaisuki,6163,1,0000-00-00,0000-00-00,6,2,,0,1356104236,
RedvelvetDaisuki,6165,0,0000-00-00,0000-00-00,0,6,0,0,1365314493,
RedvelvetDaisuki,6205,0,0000-00-00,0000-00-00,0,6,,0,1363620859,
RedvelvetDaisuki,6211,11,2013-00-00,2013-00-00,4,2,,0,1374937815,Tragedy
RedvelvetDaisuki,6325,1,2012-10-00,2012-10-00,6,2,,0,1355472162,
RedvelvetDaisuki,6347,13,2013-04-02,2013-04-02,3,2,,0,1364887673,"Comedy, Harem"
RedvelvetDaisuki,6377,13,2013-04-29,2013-04-30,6,2,,0,1367295788,"Comedy, Satire"
RedvelvetDaisuki,6408,0,0000-00-00,0000-00-00,0,6,0,0,1365305076,
RedvelvetDaisuki,6553,1,2012-00-00,2012-00-00,10,2,,0,1365865099,Yaoi
RedvelvetDaisuki,6573,0,0000-00-00,0000-00-00,0,6,,0,1355473877,
RedvelvetDaisuki,6594,12,2013-04-02,2013-04-04,9,2,,0,1365090897,"Martial Arts, Philosophical,Tragedy, Romance"
RedvelvetDaisuki,6641,0,0000-00-00,0000-00-00,0,6,0,0,1368533899,
RedvelvetDaisuki,6680,1,2014-10-19,2014-10-19,7,2,,0,1413718734,
RedvelvetDaisuki,6682,0,0000-00-00,0000-00-00,0,6,,0,1356012941,
RedvelvetDaisuki,6702,2,0000-00-00,0000-00-00,0,3,,0,1361174708,
RedvelvetDaisuki,6707,12,2012-12-21,2012-12-21,9,2,,0,1356104308,
RedvelvetDaisuki,6746,24,2012-00-00,2012-00-00,5,2,,0,1355472974,"Superpower, Mafia"
RedvelvetDaisuki,6747,0,0000-00-00,0000-00-00,0,6,0,0,1366815609,
RedvelvetDaisuki,6774,0,0000-00-00,0000-00-00,0,6,,0,1366980245,"Seinen, Psychological"
RedvelvetDaisuki,6793,1,2012-12-21,2012-12-21,6,2,,0,1356098230,
RedvelvetDaisuki,6880,0,0000-00-00,0000-00-00,0,6,,0,1355477691,
RedvelvetDaisuki,6956,1,0000-00-00,0000-00-00,0,3,,0,1363606716,
RedvelvetDaisuki,6973,0,0000-00-00,0000-00-00,0,6,,0,1355483195,
RedvelvetDaisuki,6974,0,0000-00-00,0000-00-00,0,6,0,0,1356359716,
RedvelvetDaisuki,7044,2,2013-04-30,2013-05-02,7,2,,0,1367457368,"Comedy, Satire"
RedvelvetDaisuki,7054,26,2013-12-27,2013-12-28,8,2,,0,1388227185,
RedvelvetDaisuki,7058,24,2013-02-03,2013-02-05,3,2,,0,1360064572,Yaoi
RedvelvetDaisuki,7088,12,2013-01-05,2013-01-05,4,2,,0,1357397783,
RedvelvetDaisuki,7193,12,2013-04-22,2013-04-23,8,2,,0,1366716408,"Mystery, Horror, Tragedy, Classic"
RedvelvetDaisuki,7367,0,0000-00-00,0000-00-00,0,6,0,0,1355472378,
RedvelvetDaisuki,7472,1,2013-02-10,2013-02-10,6,2,,0,1360505839,"Comedy, Sci-Fi, Martial Arts"
RedvelvetDaisuki,7647,13,2013-05-06,2013-05-07,9,2,,0,1367936042,"Comedy, Psychedelic, Seinen"
RedvelvetDaisuki,7662,0,0000-00-00,0000-00-00,0,6,0,0,1355476025,
RedvelvetDaisuki,7674,25,2012-12-31,2012-12-31,8,2,,0,1356953032,"Slice of Life, Shonen, Romance"
RedvelvetDaisuki,7711,1,2013-10-31,2013-10-31,9,2,,0,1383397410,
RedvelvetDaisuki,7724,22,2013-01-21,2013-01-23,5,2,,0,1358859960,
RedvelvetDaisuki,7785,11,2013-10-27,2013-11-03,9,2,,0,1383483172,
RedvelvetDaisuki,7817,12,2013-01-08,2013-01-08,5,2,,0,1357658510,"Comedy, Ecchi, Slice of Life, Seinen"
RedvelvetDaisuki,8063,2,2013-02-00,2013-02-00,10,2,,0,1365873205,"Slice of Life, Comedy, Romance, Yaoi"
RedvelvetDaisuki,8068,0,0000-00-00,0000-00-00,0,6,0,0,1356104274,
RedvelvetDaisuki,8074,0,0000-00-00,0000-00-00,0,6,,0,1355474182,
RedvelvetDaisuki,8101,0,0000-00-00,0000-00-00,0,6,,0,1364834242,+8
RedvelvetDaisuki,8129,11,2015-04-23,2015-04-23,8,2,,0,1430032676,
RedvelvetDaisuki,8246,1,2012-10-00,2012-10-00,7,2,,0,1355472185,
RedvelvetDaisuki,8247,0,0000-00-00,0000-00-00,0,6,0,0,1355472537,
RedvelvetDaisuki,8339,1,2013-03-24,2013-03-24,8,2,,0,1364130468,
RedvelvetDaisuki,8408,2,0000-00-00,0000-00-00,5,2,,0,1355472959,"Superpower, Mafia"
RedvelvetDaisuki,8425,0,0000-00-00,0000-00-00,0,6,,0,1355475381,
RedvelvetDaisuki,8426,1,2013-05-10,0000-00-00,0,3,,0,1368193486,
RedvelvetDaisuki,8460,1,2013-00-00,2013-00-00,0,2,,0,1392395566,
RedvelvetDaisuki,8525,12,2013-01-27,2013-01-27,9,2,,0,1359302003,
RedvelvetDaisuki,8634,2,2013-02-03,2013-02-03,8,2,,0,1359858214,Yaoi
RedvelvetDaisuki,8675,0,0000-00-00,0000-00-00,0,6,0,0,1364716806,
RedvelvetDaisuki,8769,12,2013-03-31,2013-04-01,7,2,,0,1364813751,
RedvelvetDaisuki,8841,12,2013-04-05,2013-04-08,5,2,,0,1365396065,
RedvelvetDaisuki,8888,1,2013-09-26,2013-09-26,7,2,,0,1380208047,
RedvelvetDaisuki,8915,0,0000-00-00,0000-00-00,0,6,0,0,1356359742,
RedvelvetDaisuki,8937,0,0000-00-00,0000-00-00,0,6,,0,1355473922,
RedvelvetDaisuki,9074,13,2013-05-07,2013-05-13,9,2,,0,1368414749,"Comedy, Psychedelic, Seinen"
RedvelvetDaisuki,9136,6,2012-12-22,2012-12-22,8,2,,0,1356137792,
RedvelvetDaisuki,9253,24,2013-01-18,2013-01-18,6,2,,0,1358491088,
RedvelvetDaisuki,9260,0,0000-00-00,0000-00-00,0,6,0,0,1367584885,"Comedy, Harem, Supernatural, Shonen"
RedvelvetDaisuki,9479,13,2013-10-20,2014-03-02,3,2,,0,1393697518,
RedvelvetDaisuki,9587,12,2013-09-00,2013-10-00,5,2,,0,1381508407,
RedvelvetDaisuki,9656,12,2014-03-22,2014-03-23,6,2,,0,1395567084,
RedvelvetDaisuki,9675,1,0000-00-00,0000-00-00,8,2,,0,1359302038,
RedvelvetDaisuki,9756,12,2013-12-21,2013-12-21,9,2,,0,1387639278,Thriller
RedvelvetDaisuki,9761,0,0000-00-00,0000-00-00,0,6,,0,1359850092,"Yaoi
"
RedvelvetDaisuki,9863,4,2013-03-25,0000-00-00,0,3,,0,1364210516,
RedvelvetDaisuki,9919,25,2015-04-16,2015-04-16,6,2,,0,1429187227,
RedvelvetDaisuki,9926,12,2012-12-27,2012-12-28,10,2,,0,1365839807,"Slice of Life, Comedy, Romance, Yaoi"
RedvelvetDaisuki,9969,0,0000-00-00,0000-00-00,0,6,0,0,1355918703,
RedvelvetDaisuki,9989,11,2013-03-18,2013-00-00,5,2,,0,1391321876,
RedvelvetDaisuki,10020,4,0000-00-00,0000-00-00,8,2,,0,1364883989,
RedvelvetDaisuki,10029,1,2013-11-11,2013-11-11,10,2,,0,1384174317,
RedvelvetDaisuki,10030,25,2013-01-01,2013-01-02,8,2,,0,1357052649,"Slice of Life, Shonen, Romance"
RedvelvetDaisuki,10048,0,0000-00-00,0000-00-00,0,6,,0,1359975477,Yaoi
RedvelvetDaisuki,10075,0,0000-00-00,0000-00-00,0,6,0,0,1355472339,
RedvelvetDaisuki,10080,12,2013-01-28,2013-01-28,9,2,,0,1359375209,
RedvelvetDaisuki,10087,0,0000-00-00,0000-00-00,0,6,,0,1360586753,
RedvelvetDaisuki,10152,1,2014-03-22,2014-03-22,5,2,,0,1395501803,
RedvelvetDaisuki,10162,11,2018-02-00,2018-02-00,9,2,0,0,1518187644,
RedvelvetDaisuki,10163,0,0000-00-00,0000-00-00,0,6,,0,1355476637,
RedvelvetDaisuki,10191,6,2013-05-04,2013-05-06,7,2,,0,1367772209,
RedvelvetDaisuki,10218,1,2015-03-04,2015-03-04,8,2,,0,1425833845,
RedvelvetDaisuki,10321,13,2013-08-11,2013-08-14,5,2,,0,1376484122,"Music, Reverse Harem"
RedvelvetDaisuki,10408,1,2014-01-16,2014-01-16,9,2,,0,1389927686,
RedvelvetDaisuki,10417,0,0000-00-00,0000-00-00,0,6,,0,1376747214,Horror
RedvelvetDaisuki,10456,0,0000-00-00,0000-00-00,0,6,0,0,1372863750,
RedvelvetDaisuki,10460,13,2014-03-01,2014-03-01,7,2,,0,1393672394,
RedvelvetDaisuki,10491,0,0000-00-00,0000-00-00,0,6,,0,1355478865,
RedvelvetDaisuki,10495,0,0000-00-00,0000-00-00,0,6,0,0,1366000272,
RedvelvetDaisuki,10546,4,2015-04-00,2015-04-00,6,2,,0,1429369189,
RedvelvetDaisuki,10589,1,2012-10-00,2012-10-00,7,2,,0,1355472201,
RedvelvetDaisuki,10620,26,2013-12-25,2013-12-26,7,2,,0,1388063348,
RedvelvetDaisuki,10659,0,0000-00-00,0000-00-00,0,6,0,0,1355472420,
RedvelvetDaisuki,10686,1,0000-00-00,0000-00-00,8,2,,0,1356449753,
RedvelvetDaisuki,10719,12,2013-03-28,2013-03-28,7,2,,0,1364464010,"Slice of Life, Harem, Seinen"
RedvelvetDaisuki,10721,24,2013-02-18,2014-04-13,9,2,,0,1397366402,
RedvelvetDaisuki,10793,22,2014-04-10,2014-04-12,7,2,,0,1397236130,
RedvelvetDaisuki,10798,4,0000-00-00,0000-00-00,2,3,,0,1360664977,
RedvelvetDaisuki,10800,25,2018-02-17,2018-02-18,8,2,0,0,1519197349,
RedvelvetDaisuki,10805,1,2013-03-09,2013-03-09,8,2,,0,1362791219,
RedvelvetDaisuki,10851,1,2015-04-18,0000-00-00,4,1,,0,1429371673,
RedvelvetDaisuki,10863,0,0000-00-00,0000-00-00,0,6,0,0,1363438591,
RedvelvetDaisuki,10897,1,2013-03-28,2013-03-28,7,2,,0,1364464096,"Slice of Life, Harem, Seinen"
RedvelvetDaisuki,11013,0,0000-00-00,0000-00-00,0,6,0,0,1355476045,
RedvelvetDaisuki,11061,148,2018-03-00,2018-03-00,8,2,0,0,1522384495,
RedvelvetDaisuki,11111,0,0000-00-00,0000-00-00,0,6,,0,1355475491,
RedvelvetDaisuki,11123,12,2012-00-00,2013-00-00,10,2,,0,1365839863,"Slice of Life, Comedy, Romance, Yaoi"
RedvelvetDaisuki,11135,0,0000-00-00,0000-00-00,0,6,0,0,1364896212,
RedvelvetDaisuki,11266,1,2015-04-00,2015-04-00,5,2,,0,1429513316,
RedvelvetDaisuki,11285,0,0000-00-00,0000-00-00,0,6,,0,1355473944,
RedvelvetDaisuki,11355,1,2013-10-14,2013-10-14,7,2,,0,1381757640,
RedvelvetDaisuki,11433,12,2012-00-00,2012-00-00,4,2,,0,1355472999,"Slice of Life, Supernatural"
RedvelvetDaisuki,11577,0,0000-00-00,0000-00-00,0,6,0,0,1363438598,
RedvelvetDaisuki,11583,1,2013-03-09,2013-03-09,6,2,,0,1362791305,
RedvelvetDaisuki,11597,11,2013-04-17,2013-04-18,8,2,,0,1366296193,"Comedy, Harem, Supernatural, Shonen"
RedvelvetDaisuki,11617,0,0000-00-00,0000-00-00,0,6,,0,1359799771,Harem R+ Mild Nudity
RedvelvetDaisuki,11633,10,2013-07-15,2013-09-15,8,2,,0,1379228625,
RedvelvetDaisuki,11703,0,0000-00-00,0000-00-00,0,6,,0,1355473769,
RedvelvetDaisuki,11737,1,2015-04-20,2015-04-20,7,2,,0,1429513289,
RedvelvetDaisuki,11739,13,2014-03-02,2014-03-08,8,2,,0,1394291980,
RedvelvetDaisuki,11741,0,0000-00-00,0000-00-00,0,6,0,0,1357406288,
RedvelvetDaisuki,11757,0,0000-00-00,0000-00-00,0,6,0,0,1355480775,
RedvelvetDaisuki,11759,24,2013-01-13,2013-01-13,4,2,,0,1358080582,Gaming
RedvelvetDaisuki,11761,12,2013-04-19,2013-04-21,5,2,,0,1366513273,
RedvelvetDaisuki,11771,25,2013-06-02,2013-06-12,8,2,,0,1371030067,
RedvelvetDaisuki,11843,12,2013-03-17,2013-03-17,8,2,,0,1363512480,Comedy
RedvelvetDaisuki,11869,0,0000-00-00,0000-00-00,0,6,,0,1356015881,
RedvelvetDaisuki,11977,1,2013-12-22,2013-12-22,7,2,,0,1387707154,
RedvelvetDaisuki,11979,1,2013-12-22,2013-12-22,7,2,,0,1387707261,
RedvelvetDaisuki,11981,1,2014-04-06,2014-04-06,9,2,,0,1396764302,
RedvelvetDaisuki,12031,0,0000-00-00,0000-00-00,0,6,0,0,1372510671,
RedvelvetDaisuki,12035,0,0000-00-00,0000-00-00,0,6,,0,1356015855,
RedvelvetDaisuki,12113,1,2015-03-04,2015-03-04,8,2,,0,1425833870,
RedvelvetDaisuki,12115,1,2015-03-04,2015-03-05,9,2,,0,1425833902,
RedvelvetDaisuki,12137,1,2013-09-01,2013-09-01,9,2,,0,1378017943,
RedvelvetDaisuki,12189,0,0000-00-00,0000-00-00,0,6,,0,1355480845,
RedvelvetDaisuki,12355,1,2014-06-13,2014-06-13,10,2,,0,1402624345,
RedvelvetDaisuki,12365,25,2013-01-02,2013-04-19,7,2,,0,1366382682,"Slice of Life, Shonen, Romance"
RedvelvetDaisuki,12413,0,0000-00-00,0000-00-00,0,6,,0,1362285515,R +17 Seinen
RedvelvetDaisuki,12431,1,2013-09-00,0000-00-00,0,1,,0,1379999525,
RedvelvetDaisuki,12445,12,2014-08-04,2014-08-05,7,2,,0,1407255827,
RedvelvetDaisuki,12467,0,0000-00-00,0000-00-00,0,6,0,0,1357382594,
RedvelvetDaisuki,12531,12,2018-02-23,2018-02-24,10,2,0,0,1519471887,
RedvelvetDaisuki,12549,0,0000-00-00,0000-00-00,0,6,,0,1359980310,R+ Mild Nudity
RedvelvetDaisuki,12695,0,0000-00-00,0000-00-00,0,1,,0,1366945407,Yaoi
RedvelvetDaisuki,12711,13,2013-08-14,2013-08-22,5,2,,0,1377162277,
RedvelvetDaisuki,12883,12,2013-11-22,2013-11-24,8,2,,0,1385300754,
RedvelvetDaisuki,12893,6,2013-03-17,2013-03-17,7,2,,0,1363513872,Comedy
RedvelvetDaisuki,12919,1,2015-04-04,2015-04-04,6,2,,0,1428138050,
RedvelvetDaisuki,12979,0,2012-10-00,0000-00-00,7,3,,0,1355472233,
RedvelvetDaisuki,13391,1,2015-03-22,2015-03-22,6,2,,0,1427020400,
RedvelvetDaisuki,13585,11,2016-01-22,2016-01-23,7,2,0,0,1453497764,
RedvelvetDaisuki,13599,0,0000-00-00,0000-00-00,0,6,0,0,1358598356,
RedvelvetDaisuki,13601,22,2014-02-02,2014-02-15,8,2,,0,1392459196,
RedvelvetDaisuki,13655,9,2014-06-13,0000-00-00,0,1,,0,1404532839,
RedvelvetDaisuki,13659,13,2013-05-23,2013-07-06,7,2,,0,1373042796,
RedvelvetDaisuki,13667,0,0000-00-00,0000-00-00,0,6,0,0,1355472209,
RedvelvetDaisuki,13759,12,2015-05-10,0000-00-00,0,1,,0,1431285257,
RedvelvetDaisuki,13767,1,2013-02-05,2013-02-05,10,1,,0,1360071228,"Slice of Life, Comedy, Romance, Yaoi"
RedvelvetDaisuki,13807,1,2015-02-24,2015-02-24,5,2,,0,1424771601,
RedvelvetDaisuki,13863,0,0000-00-00,0000-00-00,0,6,0,0,1366197576,
RedvelvetDaisuki,14075,0,0000-00-00,0000-00-00,0,6,0,0,1355474790,
RedvelvetDaisuki,14199,12,2013-08-22,2013-09-20,5,2,,0,1379664147,
RedvelvetDaisuki,14227,13,2013-12-30,2013-12-31,8,2,,0,1388493043,
RedvelvetDaisuki,14289,13,2014-03-24,2014-03-24,7,2,,0,1395654592,
RedvelvetDaisuki,14293,0,0000-00-00,0000-00-00,0,6,,0,1373194048,"Sci-Fi, Sunrise"
RedvelvetDaisuki,14345,12,2013-05-14,2013-05-18,5,2,,0,1368889501,"Psychological, Seinen"
RedvelvetDaisuki,14353,1,2013-04-17,2013-04-17,6,2,,0,1366197416,"Psychological, Young Animator Training Project"
RedvelvetDaisuki,14397,25,2018-02-20,2018-02-21,8,2,0,0,1519197404,
RedvelvetDaisuki,14467,0,0000-00-00,0000-00-00,0,6,0,0,1367069816,
RedvelvetDaisuki,14513,3,2013-04-26,0000-00-00,0,1,,0,1367551843,
RedvelvetDaisuki,14515,12,2013-05-03,2013-07-08,4,2,,0,1373289514,
RedvelvetDaisuki,14527,12,2013-04-21,2013-05-13,2,2,,0,1368418246,
RedvelvetDaisuki,14713,13,2015-01-07,2015-01-08,6,2,,0,1420963912,
RedvelvetDaisuki,14719,26,2017-06-26,2017-06-30,10,2,0,0,1498755131,
RedvelvetDaisuki,14741,12,2013-05-20,2013-11-23,4,2,,0,1385168453,
RedvelvetDaisuki,14751,2,2014-07-06,0000-00-00,0,1,,0,1406022872,
RedvelvetDaisuki,14765,25,2013-03-29,2013-04-01,8,2,,0,1364787259,
RedvelvetDaisuki,14813,13,2013-04-14,2013-07-07,4,2,,0,1373191978,"Harem, Comedy, Philosophical"
RedvelvetDaisuki,14833,12,2018-03-29,2018-03-30,5,2,0,0,1522384582,
RedvelvetDaisuki,14921,12,2013-07-00,2013-07-18,4,2,,0,1374109802,
RedvelvetDaisuki,14967,12,2013-03-28,2013-03-29,5,2,,0,1364542079,"Slice of Life, Harem, Seinen"
RedvelvetDaisuki,15037,4,2015-02-24,2015-02-24,7,2,,0,1424771653,
RedvelvetDaisuki,15117,2,2013-03-00,2013-03-00,9,2,,0,1365947154,
RedvelvetDaisuki,15225,12,2013-05-12,2013-07-07,7,2,,0,1373186174,"Harem, Comedy, Supernatural, Psychological"
RedvelvetDaisuki,15335,1,2013-12-29,2013-12-29,7,2,,0,1388373970,
RedvelvetDaisuki,15417,1,2014-03-05,0000-00-00,0,1,,0,1394022724,
RedvelvetDaisuki,15439,1,2013-09-01,2013-09-01,9,2,,0,1378003807,
RedvelvetDaisuki,15487,9,2013-10-16,2013-10-16,7,2,,0,1382021126,
RedvelvetDaisuki,15583,2,2013-05-20,0000-00-00,4,3,,0,1369050081,
RedvelvetDaisuki,15605,12,2013-07-07,2013-09-17,6,2,,0,1381508342,
RedvelvetDaisuki,15689,4,2013-04-19,2013-04-19,7,2,,0,1366351480,"Comedy, Harem, Supernatural, Shonen"
RedvelvetDaisuki,15711,0,0000-00-00,0000-00-00,0,6,0,0,1364989001,
RedvelvetDaisuki,15771,0,0000-00-00,0000-00-00,0,6,0,0,1365781130,
RedvelvetDaisuki,15775,1,2013-07-20,0000-00-00,0,3,,0,1374292729,
RedvelvetDaisuki,15809,13,2013-05-24,2013-06-28,8,2,,0,1372421539,
RedvelvetDaisuki,15847,0,0000-00-00,0000-00-00,0,6,0,0,1366626695,
RedvelvetDaisuki,15883,0,0000-00-00,0000-00-00,0,6,0,0,1372510885,
RedvelvetDaisuki,16005,0,0000-00-00,0000-00-00,0,6,,0,1364648781,R+17
RedvelvetDaisuki,16009,12,2013-08-26,2013-09-23,7,2,,0,1384516831,
RedvelvetDaisuki,16011,1,2013-10-09,0000-00-00,0,1,,0,1381327997,
RedvelvetDaisuki,16035,13,2013-07-10,2013-11-15,4,2,,0,1384569170,
RedvelvetDaisuki,16067,6,2013-10-22,0000-00-00,0,1,,0,1384042733,
RedvelvetDaisuki,16149,0,0000-00-00,0000-00-00,0,6,0,0,1365781108,
RedvelvetDaisuki,16201,13,2013-04-14,2013-07-06,9,2,,0,1373098321,
RedvelvetDaisuki,16355,0,0000-00-00,0000-00-00,0,6,0,0,1365393959,
RedvelvetDaisuki,16417,0,0000-00-00,0000-00-00,0,6,0,0,1364298960,
RedvelvetDaisuki,16498,25,2013-05-13,2013-10-12,7,2,,0,1381507423,
RedvelvetDaisuki,16512,13,2013-05-00,2013-07-10,3,2,,0,1373463725,
RedvelvetDaisuki,16524,13,2013-06-23,2013-06-00,6,2,,0,1374306111,
RedvelvetDaisuki,16592,13,2013-07-07,2013-10-11,5,2,,0,1381505521,
RedvelvetDaisuki,16664,1,2014-12-28,2014-12-28,8,2,,0,1419780189,
RedvelvetDaisuki,16706,12,2013-07-10,2013-09-24,7,2,,0,1380004713,
RedvelvetDaisuki,16742,12,2013-07-10,2013-09-24,8,2,,0,1380010908,
RedvelvetDaisuki,16774,0,0000-00-00,0000-00-00,0,6,0,0,1363704167,
RedvelvetDaisuki,16782,1,2013-06-13,2013-06-13,6,2,,0,1371137298,
RedvelvetDaisuki,16866,1,2013-12-31,2013-12-31,6,2,,0,1388493190,
RedvelvetDaisuki,16868,1,2014-03-24,2014-03-24,6,2,,0,1395654712,
RedvelvetDaisuki,16890,3,2013-07-10,0000-00-00,0,1,,0,1374759149,
RedvelvetDaisuki,16894,25,2013-10-06,2014-03-30,8,2,,0,1396156619,
RedvelvetDaisuki,16918,11,2013-07-12,2013-09-21,7,2,,0,1384516799,
RedvelvetDaisuki,17074,26,2013-07-07,2013-12-30,10,2,,0,1388400299,
RedvelvetDaisuki,17247,12,2013-10-22,2014-03-28,5,2,,0,1396010073,
RedvelvetDaisuki,17513,12,2013-09-17,2014-03-27,2,2,,0,1395919057,
RedvelvetDaisuki,17651,0,0000-00-00,0000-00-00,0,6,0,0,1368195507,
RedvelvetDaisuki,17725,0,0000-00-00,0000-00-00,0,6,0,0,1365848919,
RedvelvetDaisuki,17729,1,2014-10-09,0000-00-00,0,1,,0,1412841762,
RedvelvetDaisuki,17819,1,2013-03-00,2013-03-00,10,2,,0,1365333993,
RedvelvetDaisuki,17821,0,0000-00-00,0000-00-00,0,6,0,0,1372510142,
RedvelvetDaisuki,17827,1,2014-10-10,0000-00-00,0,1,,0,1412947320,
RedvelvetDaisuki,17831,4,2013-07-13,0000-00-00,0,1,,0,1374759130,
RedvelvetDaisuki,17895,24,2013-11-09,2014-03-28,6,2,,0,1396023138,
RedvelvetDaisuki,18153,12,2013-10-09,2014-02-22,5,2,,0,1393053271,
RedvelvetDaisuki,18179,30,2013-10-26,0000-00-00,0,1,,0,1399539746,
RedvelvetDaisuki,18229,2,2013-07-14,0000-00-00,0,1,,0,1374408972,
RedvelvetDaisuki,18465,1,2013-07-08,0000-00-00,0,1,,0,1373284995,
RedvelvetDaisuki,18495,0,0000-00-00,0000-00-00,0,6,0,0,1372510079,
RedvelvetDaisuki,18507,12,2013-07-04,2013-09-26,9,2,,0,1380161607,Shonen Ai
RedvelvetDaisuki,18679,1,2013-12-00,0000-00-00,0,1,,0,1395634901,
RedvelvetDaisuki,18689,7,2013-10-18,0000-00-00,0,1,,0,1384516770,
RedvelvetDaisuki,18753,1,2015-05-02,2015-05-02,4,2,,0,1430665842,
RedvelvetDaisuki,18771,2,2013-07-00,0000-00-00,3,3,,0,1373624857,
RedvelvetDaisuki,18857,3,2013-08-18,2013-08-18,9,2,,0,1376843267,
RedvelvetDaisuki,18897,20,2014-01-12,2014-03-25,6,2,,0,1401943582,
RedvelvetDaisuki,19133,7,2013-06-30,2014-03-27,5,2,,0,1395931438,
RedvelvetDaisuki,19221,10,2013-11-04,2013-12-12,8,2,,0,1386809136,
RedvelvetDaisuki,19257,12,2013-10-08,2013-12-23,6,2,,0,1387804736,
RedvelvetDaisuki,19285,1,2013-07-20,2013-07-20,5,2,,0,1374306049,
RedvelvetDaisuki,19315,12,2014-01-10,2014-03-28,3,2,,0,1395970563,
RedvelvetDaisuki,19319,3,2013-10-17,0000-00-00,0,1,,0,1382453932,
RedvelvetDaisuki,19363,11,2014-01-10,2014-03-28,8,2,,0,1396023156,
RedvelvetDaisuki,19365,22,2013-10-11,2014-03-30,6,2,,0,1396156560,
RedvelvetDaisuki,19369,12,2013-10-17,2013-12-21,6,2,,0,1392036753,
RedvelvetDaisuki,19383,13,2013-07-16,2013-09-30,8,2,,0,1380530284,
RedvelvetDaisuki,19391,2,2013-09-24,0000-00-00,0,3,,0,1379999423,
RedvelvetDaisuki,19671,1,2013-09-00,0000-00-00,0,3,,0,1380161632,
RedvelvetDaisuki,19815,12,2014-05-00,2014-06-26,8,2,,0,1403743134,
RedvelvetDaisuki,19841,14,2013-09-24,2014-04-13,6,2,,0,1397383746,
RedvelvetDaisuki,20031,12,2014-03-00,2014-04-01,0,2,,0,1396753195,
RedvelvetDaisuki,20033,13,2013-10-22,2014-03-02,3,2,,0,1393698435,
RedvelvetDaisuki,20329,3,2013-10-24,0000-00-00,0,1,,0,1395933196,
RedvelvetDaisuki,20371,0,0000-00-00,0000-00-00,0,6,0,0,1385739156,
RedvelvetDaisuki,20507,12,2014-03-24,2014-03-25,8,2,,0,1395739760,
RedvelvetDaisuki,20583,25,2018-03-00,2018-03-00,8,2,0,0,1522384414,
RedvelvetDaisuki,20767,1,2014-03-26,0000-00-00,0,3,,0,1395840255,
RedvelvetDaisuki,20815,0,0000-00-00,0000-00-00,0,6,0,0,1392298519,
RedvelvetDaisuki,21105,10,2014-07-10,2014-09-11,9,2,,0,1410418321,
RedvelvetDaisuki,21327,12,2014-05-26,2014-06-23,7,2,,0,1403479946,
RedvelvetDaisuki,21557,1,2016-01-22,2016-01-22,9,2,0,0,1453404156,
RedvelvetDaisuki,21603,12,2014-04-13,2014-07-01,7,2,,0,1404346372,
RedvelvetDaisuki,21681,12,2014-07-09,2015-00-00,5,2,0,0,1518188426,
RedvelvetDaisuki,21843,12,2017-10-00,2017-10-00,6,2,0,0,1508759253,
RedvelvetDaisuki,21845,12,2014-10-11,2014-00-00,4,2,0,0,1518188474,
RedvelvetDaisuki,21855,5,2014-08-18,2014-08-20,8,2,,0,1408532763,
RedvelvetDaisuki,21863,12,2015-05-23,2015-05-24,7,2,,0,1432457182,
RedvelvetDaisuki,21995,12,2014-07-09,2014-09-25,6,2,,0,1411614580,
RedvelvetDaisuki,22135,11,2018-04-00,2018-04-00,8,2,0,0,1525445219,
RedvelvetDaisuki,22145,10,2014-07-13,2014-09-14,8,2,,0,1410671652,
RedvelvetDaisuki,22147,13,2014-10-09,2014-12-26,6,2,,0,1427600182,
RedvelvetDaisuki,22199,24,2014-07-07,2014-12-16,8,2,,0,1418957882,
RedvelvetDaisuki,22265,4,2014-07-03,0000-00-00,0,1,,0,1406176870,
RedvelvetDaisuki,22319,12,2014-07-05,2014-09-20,7,2,,0,1411219723,
RedvelvetDaisuki,22535,24,2014-10-09,2015-03-26,8,2,,0,1427375359,
RedvelvetDaisuki,22537,1,2014-07-07,0000-00-00,0,1,,0,1404700794,
RedvelvetDaisuki,22729,12,2014-07-06,2014-09-21,7,2,,0,1411299696,
RedvelvetDaisuki,22789,12,2014-07-06,2014-09-28,9,2,,0,1411997043,
RedvelvetDaisuki,23151,1,2014-07-06,0000-00-00,0,1,,0,1404658272,
RedvelvetDaisuki,23199,1,2015-01-11,0000-00-00,0,1,,0,1420964130,
RedvelvetDaisuki,23251,12,2014-10-18,2014-12-22,9,2,,0,1419308343,
RedvelvetDaisuki,23273,1,2014-10-10,0000-00-00,0,1,,0,1412951606,
RedvelvetDaisuki,23281,11,2014-10-10,2014-12-19,7,2,,0,1418987292,
RedvelvetDaisuki,23283,11,2014-07-13,2014-09-26,10,2,,0,1411698557,
RedvelvetDaisuki,23289,12,2014-07-08,2014-09-22,8,2,,0,1411394644,
RedvelvetDaisuki,23333,3,2014-07-07,0000-00-00,0,1,,0,1406176956,
RedvelvetDaisuki,23673,12,2014-10-09,2014-12-24,7,2,,0,1419403151,
RedvelvetDaisuki,23755,24,2014-10-05,2015-03-30,8,2,,0,1427730366,
RedvelvetDaisuki,23847,13,2015-05-03,2015-00-00,4,2,0,0,1518188292,
RedvelvetDaisuki,24031,1,2014-10-08,0000-00-00,0,1,,0,1412777512,
RedvelvetDaisuki,24211,1,2014-10-09,0000-00-00,0,1,,0,1412869024,
RedvelvetDaisuki,24415,25,2015-01-12,2016-00-00,7,2,0,0,1518188361,
RedvelvetDaisuki,24439,10,2015-04-05,0000-00-00,0,1,,0,1433592457,
RedvelvetDaisuki,24475,3,2015-05-24,0000-00-00,0,1,,0,1432460520,
RedvelvetDaisuki,24641,1,2015-04-18,0000-00-00,0,3,,0,1429369772,
RedvelvetDaisuki,24705,1,2014-10-10,0000-00-00,0,1,,0,1412945161,
RedvelvetDaisuki,24833,10,2015-01-12,0000-00-00,0,1,,0,1427002081,
RedvelvetDaisuki,25013,24,2014-10-09,2015-03-25,8,2,,0,1427290718,
RedvelvetDaisuki,25143,1,2015-12-15,2015-12-15,6,2,,0,1450123677,
RedvelvetDaisuki,25157,12,2014-10-10,2014-12-26,6,2,,0,1419597685,
RedvelvetDaisuki,25159,12,2014-10-09,2014-00-00,6,2,0,0,1518188345,
RedvelvetDaisuki,25641,1,2015-04-04,2015-04-04,7,2,,0,1428137998,
RedvelvetDaisuki,25649,12,2015-07-09,2015-00-00,8,2,0,0,1518188437,
RedvelvetDaisuki,25681,2,2015-01-07,0000-00-00,0,1,,0,1421148514,
RedvelvetDaisuki,25777,12,0000-00-00,2017-07-00,5,2,0,0,1507614130,
RedvelvetDaisuki,25859,6,2015-05-00,0000-00-00,0,1,,0,1431186306,
RedvelvetDaisuki,26243,12,2015-04-30,2015-06-21,4,2,,0,1434885010,
RedvelvetDaisuki,26349,1,2014-10-08,0000-00-00,0,1,,0,1412775753,
RedvelvetDaisuki,26441,1,2015-01-12,0000-00-00,0,1,,0,1421058824,
RedvelvetDaisuki,27503,2,2014-10-09,0000-00-00,0,1,,0,1412845344,
RedvelvetDaisuki,27655,1,2015-01-11,0000-00-00,0,1,,0,1420971574,
RedvelvetDaisuki,27727,1,2015-01-13,0000-00-00,0,1,,0,1421148076,
RedvelvetDaisuki,27775,5,2015-04-30,0000-00-00,0,1,,0,1430734742,
RedvelvetDaisuki,28025,4,2015-01-03,2015-01-03,8,2,,0,1420300994,
RedvelvetDaisuki,28121,13,2015-04-26,2015-06-00,7,2,,0,1446224854,
RedvelvetDaisuki,28223,12,2015-01-11,2015-05-08,7,2,,0,1431015896,
RedvelvetDaisuki,28297,24,2015-05-20,2015-00-00,6,2,0,0,1518188263,
RedvelvetDaisuki,28387,12,2018-03-03,2018-03-06,5,2,0,0,1520321171,
RedvelvetDaisuki,28617,12,0000-00-00,2015-06-28,3,2,,0,1435474854,
RedvelvetDaisuki,28621,11,2015-00-00,2016-02-19,4,2,0,0,1455894751,
RedvelvetDaisuki,28735,13,2017-05-00,2017-05-00,9,2,0,0,1496267891,
RedvelvetDaisuki,28805,1,2016-06-12,2016-06-12,8,2,0,0,1465751427,
RedvelvetDaisuki,28825,12,2016-00-00,2016-00-00,8,2,0,0,1498080084,
RedvelvetDaisuki,28891,25,2018-03-00,2018-03-00,8,2,0,0,1522384431,
RedvelvetDaisuki,28927,3,2015-10-28,0000-00-00,0,1,,0,1446045831,
RedvelvetDaisuki,28977,7,2015-05-21,0000-00-00,0,1,,0,1432224208,
RedvelvetDaisuki,28999,13,2016-01-19,2016-01-19,5,2,0,0,1453144373,
RedvelvetDaisuki,29785,13,2018-02-25,2018-02-28,5,2,0,0,1519891549,
RedvelvetDaisuki,29786,12,2015-07-00,2015-09-22,7,2,,0,1442892599,
RedvelvetDaisuki,29803,13,2018-03-01,2018-03-02,5,2,0,0,1520001361,
RedvelvetDaisuki,30015,13,2016-07-06,2016-07-06,8,2,0,0,1467929117,
RedvelvetDaisuki,30123,12,2016-02-26,2015-00-00,7,2,0,0,1518188171,
RedvelvetDaisuki,30276,12,2015-10-26,2016-00-00,9,2,0,0,1518188373,
RedvelvetDaisuki,30485,12,2017-04-02,2017-04-02,5,2,0,0,1491140745,
RedvelvetDaisuki,30736,24,2017-10-00,2017-10-23,8,2,0,0,1508759281,
RedvelvetDaisuki,30831,10,2016-04-09,2016-04-21,6,2,0,0,1461254202,
RedvelvetDaisuki,31043,12,2016-03-03,2016-03-25,8,2,0,0,1458851786,
RedvelvetDaisuki,31174,1,2015-10-08,0000-00-00,0,1,,0,1444301087,
RedvelvetDaisuki,31181,12,2015-10-04,2015-00-00,8,2,0,0,1518188277,
RedvelvetDaisuki,31240,25,2016-04-12,2017-00-00,4,2,0,0,1518188449,
RedvelvetDaisuki,31404,12,2016-04-28,2016-07-05,6,2,0,0,1467660713,
RedvelvetDaisuki,31478,12,2017-02-21,2017-02-22,7,2,0,0,1487777739,
RedvelvetDaisuki,31630,3,2016-07-06,0000-00-00,0,1,0,0,1467744169,
RedvelvetDaisuki,31646,22,2017-05-00,2017-05-00,8,2,0,0,1496267826,
RedvelvetDaisuki,31680,1,2016-04-07,0000-00-00,0,1,0,0,1460085581,
RedvelvetDaisuki,31722,4,2018-02-00,2018-02-00,7,2,0,0,1525445442,
RedvelvetDaisuki,31953,12,0000-00-00,2017-09-00,6,2,0,0,1507613732,
RedvelvetDaisuki,31964,13,2016-07-11,2016-07-11,7,2,0,0,1468242578,
RedvelvetDaisuki,32105,50,2016-10-18,2017-00-00,5,2,0,0,1518188131,
RedvelvetDaisuki,32182,12,2016-00-00,2016-10-17,7,2,0,0,1476763524,
RedvelvetDaisuki,32281,1,2016-10-14,0000-00-00,5,2,0,0,1476763381,
RedvelvetDaisuki,32379,12,2016-07-04,2016-10-21,8,2,0,0,1477056023,
RedvelvetDaisuki,32542,1,2016-04-09,0000-00-00,0,1,0,0,1460345657,
RedvelvetDaisuki,32601,5,2016-05-24,0000-00-00,0,1,0,0,1465757540,
RedvelvetDaisuki,32615,12,2017-01-00,2017-04-02,9,2,0,0,1491140616,
RedvelvetDaisuki,32673,12,2017-04-00,2017-04-00,9,2,0,0,1492482662,
RedvelvetDaisuki,32686,2,2016-10-17,0000-00-00,0,1,0,0,1476763564,
RedvelvetDaisuki,32828,12,2018-01-00,2018-01-00,8,2,0,0,1518187729,
RedvelvetDaisuki,32867,12,2017-02-22,2017-02-22,7,2,0,0,1487777790,
RedvelvetDaisuki,32901,12,0000-00-00,2017-06-00,4,2,0,0,1507614494,
RedvelvetDaisuki,32935,10,2018-03-00,2018-03-00,8,2,0,0,1522384451,
RedvelvetDaisuki,32937,10,0000-00-00,2017-00-00,5,2,0,0,1507614375,
RedvelvetDaisuki,32949,12,2017-04-00,2017-04-00,8,2,0,0,1492482835,
RedvelvetDaisuki,32962,12,0000-00-00,2017-09-00,5,2,0,0,1507613942,
RedvelvetDaisuki,32995,12,2018-04-00,2018-04-00,7,2,0,0,1525445186,
RedvelvetDaisuki,33222,1,2016-07-06,0000-00-00,0,1,0,0,1467744133,
RedvelvetDaisuki,33255,120,2018-03-30,2018-03-31,9,2,0,0,1522499887,
RedvelvetDaisuki,33337,12,2017-06-01,2017-06-01,8,2,0,0,1496308907,
RedvelvetDaisuki,33486,25,0000-00-00,2017-09-30,7,2,0,0,1507613551,
RedvelvetDaisuki,33487,12,0000-00-00,2017-03-00,6,2,0,0,1507614535,
RedvelvetDaisuki,33506,12,2017-02-06,2017-10-05,7,2,0,0,1507613476,
RedvelvetDaisuki,33731,12,2017-06-21,2017-06-22,6,2,0,0,1498079991,
RedvelvetDaisuki,33983,13,2017-06-17,2017-06-17,8,2,0,0,1497693290,
RedvelvetDaisuki,34055,12,2017-04-00,2017-06-26,9,2,0,0,1498410764,
RedvelvetDaisuki,34280,12,0000-00-00,2017-09-00,6,2,0,0,1507613707,
RedvelvetDaisuki,34383,12,0000-00-00,2017-09-00,6,2,0,0,1507613903,
RedvelvetDaisuki,34542,11,2018-02-00,2018-02-00,8,2,0,0,1518187183,
RedvelvetDaisuki,34543,12,0000-00-00,2017-09-00,6,2,0,0,1507614203,
RedvelvetDaisuki,34572,29,2018-03-00,0000-00-00,0,1,0,0,1525445514,
RedvelvetDaisuki,34577,0,2018-05-00,0000-00-00,0,1,0,0,1525445465,
RedvelvetDaisuki,34580,12,0000-00-00,2017-09-00,6,2,0,0,1507613846,
RedvelvetDaisuki,34599,13,0000-00-00,2017-09-29,10,2,0,0,1507613409,
RedvelvetDaisuki,34612,11,2018-03-31,0000-00-00,9,1,0,0,1522821123,
RedvelvetDaisuki,34636,24,2017-09-00,2017-12-00,7,2,0,0,1518187362,
RedvelvetDaisuki,34712,12,2018-03-11,2018-03-11,7,2,0,0,1520760806,
RedvelvetDaisuki,34822,12,0000-00-00,2017-09-00,5,2,0,0,1507614026,
RedvelvetDaisuki,34881,12,0000-00-00,2017-09-00,6,2,0,0,1507613518,
RedvelvetDaisuki,34902,12,0000-00-00,2017-09-00,7,2,0,0,1507613667,
RedvelvetDaisuki,34914,12,0000-00-00,2017-09-00,6,2,0,0,1507613763,
RedvelvetDaisuki,34933,12,0000-00-00,2017-09-00,5,2,0,0,1507614093,
RedvelvetDaisuki,34934,12,0000-00-00,2017-09-00,5,2,0,0,1507613806,
RedvelvetDaisuki,35073,13,2018-01-00,2018-04-06,5,2,0,0,1523008403,
RedvelvetDaisuki,35076,12,2018-03-13,2018-03-13,5,2,0,0,1520932633,
RedvelvetDaisuki,35079,12,2017-10-00,2017-12-00,9,2,0,0,1518187478,
RedvelvetDaisuki,35120,10,2018-04-00,2018-04-00,7,2,0,0,1525445082,
RedvelvetDaisuki,35180,22,2017-10-00,2018-04-06,9,2,0,0,1518187131,
RedvelvetDaisuki,35240,12,0000-00-00,2017-09-00,6,2,0,0,1507613981,
RedvelvetDaisuki,35376,12,2017-00-00,2018-00-00,8,2,0,0,1518187309,
RedvelvetDaisuki,35507,12,0000-00-00,2017-09-00,6,2,0,0,1507614063,
RedvelvetDaisuki,35557,12,2018-04-04,2018-04-04,9,2,0,0,1522838521,
RedvelvetDaisuki,35639,12,2018-01-00,2018-01-00,4,2,0,0,1518187239,
RedvelvetDaisuki,35838,12,2018-04-05,2018-04-06,8,2,0,0,1522948630,
RedvelvetDaisuki,35839,13,2018-04-14,2018-04-14,8,2,0,0,1523709513,
RedvelvetDaisuki,35849,15,2018-04-07,0000-00-00,0,1,0,0,1525445239,
RedvelvetDaisuki,35857,5,2018-04-00,0000-00-00,10,1,0,0,1525445957,
RedvelvetDaisuki,35860,12,2018-04-02,2018-04-02,5,2,0,0,1522821087,
RedvelvetDaisuki,36027,12,2018-02-14,2018-02-14,2,2,0,0,1518615703,
RedvelvetDaisuki,37349,0,0000-00-00,0000-00-00,0,6,0,0,1522948769,
Damonashu,1,26,0000-00-00,0000-00-00,10,2,1,0,1474106227,
Damonashu,5,1,0000-00-00,0000-00-00,10,2,0,0,0,
Damonashu,6,26,0000-00-00,0000-00-00,9,2,0,0,0,
Damonashu,7,26,0000-00-00,0000-00-00,7,2,0,26,0,
Damonashu,19,74,0000-00-00,2011-02-20,10,2,0,0,1298240508,
Damonashu,20,220,0000-00-00,0000-00-00,6,2,0,0,1205218702,
Damonashu,21,418,0000-00-00,0000-00-00,10,1,0,0,1254296345,
Damonashu,22,3,0000-00-00,0000-00-00,9,3,0,0,0,
Damonashu,24,26,0000-00-00,2009-04-05,6,2,0,0,1238995682,
Damonashu,30,1,0000-00-00,0000-00-00,7,2,0,0,1204267524,
Damonashu,32,1,0000-00-00,0000-00-00,6,2,0,0,0,
Damonashu,45,0,0000-00-00,0000-00-00,9,3,0,0,0,
Damonashu,48,26,0000-00-00,0000-00-00,5,2,0,0,0,
Damonashu,57,26,0000-00-00,2009-03-15,9,2,0,0,1237180813,
Damonashu,58,26,0000-00-00,0000-00-00,2,2,0,0,0,
Damonashu,60,24,0000-00-00,0000-00-00,7,2,0,0,0,
Damonashu,61,26,0000-00-00,0000-00-00,4,2,0,0,0,
Damonashu,66,15,0000-00-00,0000-00-00,0,3,,0,1242882199,
Damonashu,68,23,2008-08-07,2009-03-09,5,2,0,0,1236638685,
Damonashu,71,24,0000-00-00,0000-00-00,0,2,0,0,0,
Damonashu,72,12,0000-00-00,0000-00-00,0,2,0,0,0,
Damonashu,75,0,0000-00-00,0000-00-00,0,6,0,0,0,
Damonashu,90,5,0000-00-00,0000-00-00,9,3,,0,0,
Damonashu,96,5,0000-00-00,0000-00-00,8,3,0,0,0,
Damonashu,97,26,0000-00-00,0000-00-00,9,2,0,0,1277483543,
Damonashu,98,26,2008-03-24,0000-00-00,5,2,0,0,1229319429,
Damonashu,107,3,2008-09-30,0000-00-00,0,4,,0,1222830098,
Damonashu,109,4,2008-03-24,0000-00-00,2,4,,0,1206392826,
Damonashu,114,26,0000-00-00,0000-00-00,4,2,0,0,0,
Damonashu,121,51,0000-00-00,0000-00-00,8,2,0,0,0,
Damonashu,130,25,0000-00-00,0000-00-00,0,2,0,0,0,
Damonashu,132,49,0000-00-00,0000-00-00,7,2,0,0,0,
Damonashu,135,0,0000-00-00,0000-00-00,0,6,0,0,0,
Damonashu,137,0,0000-00-00,0000-00-00,0,6,0,0,1209021186,
Damonashu,138,0,0000-00-00,0000-00-00,0,6,0,0,1209021241,
Damonashu,139,0,0000-00-00,0000-00-00,0,6,0,0,1209021276,
Damonashu,145,26,0000-00-00,0000-00-00,7,2,0,0,0,
Damonashu,146,12,0000-00-00,0000-00-00,4,2,0,0,0,
Damonashu,150,50,0000-00-00,0000-00-00,3,2,0,0,1207171250,
Damonashu,152,2,0000-00-00,0000-00-00,7,4,,0,0,
Damonashu,161,24,0000-00-00,0000-00-00,5,2,0,0,0,
Damonashu,164,1,0000-00-00,0000-00-00,8,2,0,0,0,
Damonashu,165,0,0000-00-00,0000-00-00,0,6,0,0,0,
Damonashu,168,26,0000-00-00,0000-00-00,5,2,0,0,0,
Damonashu,170,0,0000-00-00,0000-00-00,0,6,0,0,1219344330,
Damonashu,173,1,2008-03-31,0000-00-00,0,4,,0,1207030434,
Damonashu,177,4,0000-00-00,0000-00-00,5,4,,0,0,
Damonashu,180,13,0000-00-00,0000-00-00,5,2,0,0,0,
Damonashu,181,13,0000-00-00,0000-00-00,5,2,0,0,0,
Damonashu,189,1,0000-00-00,0000-00-00,8,3,0,0,0,
Damonashu,193,24,0000-00-00,0000-00-00,3,2,0,0,1280983940,
Damonashu,198,0,0000-00-00,0000-00-00,0,6,0,0,1210049665,
Damonashu,199,1,0000-00-00,0000-00-00,5,2,0,0,0,
Damonashu,202,26,0000-00-00,0000-00-00,8,2,0,0,1347158135,
Damonashu,205,12,0000-00-00,0000-00-00,7,2,1,0,1396036318,
Damonashu,209,3,0000-00-00,0000-00-00,0,3,1,0,1221376390,
Damonashu,212,1,0000-00-00,0000-00-00,4,2,0,0,1216882065,
Damonashu,225,64,0000-00-00,0000-00-00,2,2,0,0,1222830194,
Damonashu,226,1,0000-00-00,0000-00-00,0,3,0,0,1203048862,
Damonashu,227,6,0000-00-00,0000-00-00,7,2,,0,0,
Damonashu,228,26,0000-00-00,2008-09-25,3,2,0,0,1222408081,
Damonashu,229,12,0000-00-00,0000-00-00,3,2,0,0,0,
Damonashu,231,26,0000-00-00,0000-00-00,0,2,0,0,0,
Damonashu,232,1,0000-00-00,0000-00-00,0,4,,0,1255899057,
Damonashu,235,130,0000-00-00,0000-00-00,7,1,,0,1368839195,
Damonashu,236,4,0000-00-00,0000-00-00,0,3,0,0,0,
Damonashu,237,50,0000-00-00,0000-00-00,8,2,0,0,0,
Damonashu,239,0,0000-00-00,0000-00-00,0,6,0,0,1356466320,
Damonashu,242,13,0000-00-00,0000-00-00,8,2,0,0,0,
Damonashu,245,43,0000-00-00,0000-00-00,8,2,0,0,0,
Damonashu,249,167,0000-00-00,0000-00-00,4,2,0,0,0,
Damonashu,256,1,0000-00-00,0000-00-00,5,2,0,0,1221424509,
Damonashu,257,13,0000-00-00,0000-00-00,1,2,0,0,0,
Damonashu,267,0,0000-00-00,0000-00-00,0,6,0,0,0,
Damonashu,269,0,0000-00-00,0000-00-00,2,4,,0,0,
Damonashu,270,13,0000-00-00,0000-00-00,2,2,0,0,0,
Damonashu,271,2,2010-06-26,0000-00-00,0,1,0,0,1277572314,
Damonashu,272,3,0000-00-00,0000-00-00,8,3,0,0,0,
Damonashu,274,3,0000-00-00,0000-00-00,7,3,0,0,0,
Damonashu,276,0,0000-00-00,0000-00-00,0,6,0,0,0,
Damonashu,298,12,0000-00-00,0000-00-00,4,2,0,0,0,
Damonashu,308,0,0000-00-00,0000-00-00,0,6,0,0,1301969579,
Damonashu,317,1,0000-00-00,0000-00-00,6,2,0,0,1207790855,
Damonashu,323,13,0000-00-00,0000-00-00,9,2,0,0,1208844470,
Damonashu,335,10,0000-00-00,0000-00-00,5,3,,0,0,
Damonashu,339,6,0000-00-00,0000-00-00,6,1,0,0,1251877286,
Damonashu,355,0,0000-00-00,0000-00-00,0,6,0,0,0,
Damonashu,356,2,2009-10-15,0000-00-00,0,1,0,0,1256032783,
Damonashu,387,13,0000-00-00,0000-00-00,7,2,0,0,1276768635,
Damonashu,390,26,0000-00-00,2009-03-22,5,2,0,0,1237791126,
Damonashu,405,1,0000-00-00,0000-00-00,4,2,0,0,1207171356,
Damonashu,408,1,0000-00-00,0000-00-00,5,2,0,0,1207790911,
Damonashu,411,0,0000-00-00,0000-00-00,0,6,0,0,0,
Damonashu,419,26,0000-00-00,0000-00-00,3,2,0,0,0,
Damonashu,431,1,0000-00-00,0000-00-00,7,2,0,0,0,
Damonashu,433,1,0000-00-00,0000-00-00,8,2,0,0,1221451218,
Damonashu,457,26,0000-00-00,2011-09-11,7,2,0,0,1315799020,
Damonashu,460,1,0000-00-00,0000-00-00,4,2,0,0,0,
Damonashu,462,1,0000-00-00,0000-00-00,7,2,0,0,0,
Damonashu,463,1,0000-00-00,0000-00-00,4,2,0,0,0,
Damonashu,464,1,0000-00-00,0000-00-00,8,2,0,0,0,
Damonashu,465,1,0000-00-00,0000-00-00,5,2,0,0,0,
Damonashu,467,26,0000-00-00,0000-00-00,0,2,,0,1278358585,
Damonashu,473,5,0000-00-00,0000-00-00,0,1,0,0,1221271657,
Damonashu,477,1,2008-08-10,0000-00-00,0,4,,0,1243886784,
Damonashu,478,1,2009-02-16,0000-00-00,0,4,,0,1234816367,
Damonashu,486,1,2008-09-30,0000-00-00,0,3,,0,1222830083,
Damonashu,517,2,0000-00-00,0000-00-00,6,2,0,0,1252563435,
Damonashu,534,10,0000-00-00,0000-00-00,0,6,0,0,1203292300,
Damonashu,539,0,0000-00-00,0000-00-00,8,6,0,0,0,
Damonashu,552,54,0000-00-00,0000-00-00,7,2,0,0,1206259895,
Damonashu,565,1,0000-00-00,0000-00-00,5,2,0,0,0,
Damonashu,567,26,0000-00-00,0000-00-00,7,2,0,0,0,
Damonashu,572,1,0000-00-00,0000-00-00,7,2,0,0,0,
Damonashu,576,13,0000-00-00,2008-03-23,2,2,0,0,1206335239,
Damonashu,578,0,0000-00-00,0000-00-00,0,6,0,0,1310775478,
Damonashu,621,12,0000-00-00,0000-00-00,2,2,0,0,1206336542,
Damonashu,626,10,2008-03-04,0000-00-00,8,3,,0,1206256398,
Damonashu,635,13,0000-00-00,0000-00-00,0,2,0,0,1211424458,
Damonashu,690,26,0000-00-00,0000-00-00,4,2,0,0,0,
Damonashu,696,0,0000-00-00,0000-00-00,0,6,0,0,0,
Damonashu,732,1,0000-00-00,0000-00-00,3,2,0,0,0,
Damonashu,756,0,0000-00-00,0000-00-00,0,4,0,0,0,
Damonashu,788,2,0000-00-00,0000-00-00,1,2,0,0,0,
Damonashu,801,26,0000-00-00,0000-00-00,10,2,,0,1278358602,
Damonashu,813,276,0000-00-00,0000-00-00,4,2,0,0,1222830258,
Damonashu,837,4,0000-00-00,2008-06-15,5,2,0,0,1213533349,
Damonashu,840,12,0000-00-00,0000-00-00,3,2,0,0,1216174640,
Damonashu,845,2,0000-00-00,0000-00-00,8,3,,0,1206305562,
Damonashu,846,26,0000-00-00,0000-00-00,7,2,,0,1252542457,
Damonashu,853,26,0000-00-00,2009-07-31,6,2,0,0,1249074467,
Damonashu,856,3,0000-00-00,0000-00-00,8,6,0,0,0,
Damonashu,857,25,0000-00-00,2008-08-11,4,2,0,0,1218476754,
Damonashu,861,24,2009-03-02,2010-01-30,0,2,0,0,1264846516,
Damonashu,873,0,0000-00-00,0000-00-00,0,6,0,0,0,
Damonashu,874,51,0000-00-00,2011-12-07,7,2,0,0,1323325948,
Damonashu,918,2,2008-09-20,0000-00-00,0,3,,0,1221938089,
Damonashu,934,5,2008-03-13,0000-00-00,5,4,,0,1205827499,
Damonashu,940,0,0000-00-00,0000-00-00,0,6,0,0,0,
Damonashu,953,1,0000-00-00,0000-00-00,0,3,,0,1241412779,
Damonashu,974,1,0000-00-00,0000-00-00,2,2,0,0,0,
Damonashu,998,26,0000-00-00,0000-00-00,3,2,0,0,0,
Damonashu,1067,1,2008-08-07,0000-00-00,0,3,,0,1218101261,
Damonashu,1132,50,0000-00-00,0000-00-00,5,2,0,0,1291079629,
Damonashu,1136,0,0000-00-00,0000-00-00,0,6,0,0,0,
Damonashu,1140,0,0000-00-00,0000-00-00,0,6,0,0,1238724566,
Damonashu,1161,25,0000-00-00,0000-00-00,4,2,0,0,0,
Damonashu,1177,4,0000-00-00,0000-00-00,5,2,0,0,1217311273,
Damonashu,1179,26,0000-00-00,0000-00-00,4,2,0,0,0,
Damonashu,1194,1,0000-00-00,0000-00-00,0,3,0,0,0,
Damonashu,1230,1,0000-00-00,0000-00-00,0,3,0,0,0,
Damonashu,1295,2,0000-00-00,0000-00-00,4,2,0,0,1219344231,
Damonashu,1296,1,0000-00-00,0000-00-00,4,2,0,0,1217885814,
Damonashu,1297,1,0000-00-00,0000-00-00,4,2,0,0,1219344203,
Damonashu,1298,1,0000-00-00,0000-00-00,4,2,0,0,1219344222,
Damonashu,1313,50,0000-00-00,0000-00-00,7,2,0,0,1206259926,
Damonashu,1417,1,0000-00-00,0000-00-00,5,2,0,0,0,
Damonashu,1430,1,0000-00-00,0000-00-00,7,2,0,0,1209582076,
Damonashu,1462,0,0000-00-00,0000-00-00,0,6,0,0,1227509384,
Damonashu,1482,7,0000-00-00,0000-00-00,5,4,0,0,1208650420,
Damonashu,1498,12,2008-03-24,2009-10-26,0,2,0,0,1256593783,
Damonashu,1535,37,0000-00-00,2008-07-01,7,2,0,0,1214975880,
Damonashu,1536,3,0000-00-00,0000-00-00,6,3,,0,1225946212,
Damonashu,1566,1,0000-00-00,0000-00-00,8,2,0,0,0,
Damonashu,1571,0,0000-00-00,0000-00-00,0,6,0,0,1247212175,
Damonashu,1575,25,0000-00-00,0000-00-00,5,2,0,0,1227917542,
Damonashu,1604,65,0000-00-00,0000-00-00,5,4,,0,1208459044,
Damonashu,1607,2,0000-00-00,0000-00-00,3,4,,0,0,
Damonashu,1655,12,0000-00-00,0000-00-00,6,2,0,0,0,
Damonashu,1689,3,2008-09-16,2008-09-16,7,2,0,0,1378785263,
Damonashu,1726,12,0000-00-00,0000-00-00,3,2,,0,1278358260,
Damonashu,1793,1,0000-00-00,0000-00-00,7,2,0,0,1217313681,
Damonashu,1797,1,0000-00-00,0000-00-00,3,2,0,0,1245018709,
Damonashu,1818,0,0000-00-00,0000-00-00,0,6,0,0,1208522906,
Damonashu,1827,26,2008-08-15,2008-09-14,7,2,0,0,1221418685,
Damonashu,1829,1,0000-00-00,0000-00-00,6,2,0,0,1313958246,
Damonashu,1860,1,0000-00-00,0000-00-00,0,6,0,0,1254389211,
Damonashu,1921,1,0000-00-00,0000-00-00,5,2,0,0,1245207514,
Damonashu,1943,1,0000-00-00,0000-00-00,0,2,0,0,1213085314,
Damonashu,2001,27,0000-00-00,0000-00-00,6,2,0,0,1207731798,
Damonashu,2025,25,2009-03-03,2009-10-15,7,2,,0,1255673688,
Damonashu,2026,1,2008-03-24,0000-00-00,0,4,0,0,1206347863,
Damonashu,2034,0,0000-00-00,0000-00-00,0,6,0,0,1244007693,
Damonashu,2164,0,0000-00-00,0000-00-00,0,6,0,0,1255848611,
Damonashu,2167,23,0000-00-00,2008-08-03,7,2,0,0,1217829197,
Damonashu,2175,0,0000-00-00,0000-00-00,0,6,0,0,1222056533,
Damonashu,2236,1,0000-00-00,2012-03-19,8,2,0,0,1332147230,
Damonashu,2251,13,0000-00-00,2008-05-04,9,2,0,0,1209943337,
Damonashu,2287,26,0000-00-00,0000-00-00,0,2,0,0,0,
Damonashu,2369,2,0000-00-00,0000-00-00,8,3,,0,1207296043,
Damonashu,2386,1,0000-00-00,0000-00-00,5,2,0,0,1211220725,
Damonashu,2418,1,2008-06-15,2008-06-15,6,2,0,0,1213542565,
Damonashu,2490,1,0000-00-00,0000-00-00,5,2,0,0,1223745872,
Damonashu,2524,3,0000-00-00,0000-00-00,1,2,0,0,0,
Damonashu,2593,1,0000-00-00,2009-10-28,8,2,0,0,1256796358,
Damonashu,2596,0,0000-00-00,0000-00-00,0,6,0,0,1311750588,
Damonashu,2759,0,0000-00-00,0000-00-00,0,6,0,0,0,
Damonashu,2795,2,0000-00-00,0000-00-00,6,3,,0,1269662209,
Damonashu,2904,25,0000-00-00,0000-00-00,5,2,0,0,1227917638,
Damonashu,2966,13,2008-03-25,2010-12-18,7,2,0,0,1292706144,
Damonashu,2986,26,0000-00-00,2010-09-10,0,2,0,0,1284148385,
Damonashu,3089,0,0000-00-00,0000-00-00,0,6,0,0,1243623270,
Damonashu,3358,0,0000-00-00,0000-00-00,0,6,0,0,1218066839,
Damonashu,3455,1,2008-10-26,0000-00-00,0,3,,0,1225062692,
Damonashu,3588,0,0000-00-00,0000-00-00,0,6,0,0,1208760015,
Damonashu,3655,26,0000-00-00,2011-07-31,3,2,0,0,1312174068,
Damonashu,3848,1,0000-00-00,0000-00-00,5,2,0,0,1232946206,
Damonashu,3901,3,0000-00-00,0000-00-00,7,2,0,0,1231459383,
Damonashu,3962,0,0000-00-00,0000-00-00,0,6,0,0,1266600748,
Damonashu,4037,0,0000-00-00,0000-00-00,0,6,0,0,1224317167,
Damonashu,4059,1,0000-00-00,0000-00-00,5,2,0,0,1217903676,
Damonashu,4081,0,0000-00-00,0000-00-00,0,6,0,0,1222056428,
Damonashu,4087,22,0000-00-00,2013-08-05,8,2,0,0,1375749339,
Damonashu,4155,1,0000-00-00,2010-07-27,7,2,,0,1280276365,
Damonashu,4177,26,0000-00-00,2010-02-25,0,2,,0,1267139675,
Damonashu,4182,1,0000-00-00,0000-00-00,6,2,0,0,1255673715,
Damonashu,4186,24,2009-10-16,2012-08-12,4,2,,0,1344806320,
Damonashu,4334,1,2010-04-07,0000-00-00,0,4,,0,1270706009,
Damonashu,4415,6,0000-00-00,0000-00-00,0,4,,0,1248980341,
Damonashu,4548,3,2009-12-12,0000-00-00,0,4,,0,1260683567,
Damonashu,4654,3,0000-00-00,0000-00-00,0,1,0,0,1264755304,
Damonashu,4725,3,2009-04-21,0000-00-00,0,3,,0,1240500568,
Damonashu,4896,5,0000-00-00,0000-00-00,0,4,,0,1248980347,
Damonashu,4975,0,0000-00-00,0000-00-00,0,6,0,0,1225143112,
Damonashu,4981,1,2009-08-23,0000-00-00,0,4,,0,1251056835,
Damonashu,5081,15,0000-00-00,2011-08-04,8,2,0,0,1312457644,
Damonashu,5114,64,0000-00-00,0000-00-00,0,2,,0,1347154811,
Damonashu,5220,0,0000-00-00,0000-00-00,0,6,0,0,1240634224,
Damonashu,5355,5,0000-00-00,0000-00-00,0,1,0,0,1301780481,
Damonashu,5420,0,0000-00-00,0000-00-00,0,6,0,0,1237868454,
Damonashu,5507,0,0000-00-00,0000-00-00,0,6,0,0,1249282140,
Damonashu,5525,3,0000-00-00,0000-00-00,0,4,,0,1256977172,
Damonashu,5538,0,0000-00-00,0000-00-00,0,6,0,0,1242691364,
Damonashu,5630,11,0000-00-00,2009-06-19,8,2,,0,1245470905,
Damonashu,5681,1,0000-00-00,0000-00-00,7,2,0,0,1332232544,
Damonashu,6045,0,0000-00-00,0000-00-00,0,6,,0,1287961417,
Damonashu,6205,1,0000-00-00,0000-00-00,0,4,,0,1254981963,
Damonashu,6211,11,0000-00-00,0000-00-00,8,2,0,0,1255002008,
Damonashu,6372,0,0000-00-00,0000-00-00,0,6,0,0,1245471327,
Damonashu,6573,12,2009-10-16,2009-12-26,0,2,0,0,1261874678,
Damonashu,6594,4,2010-01-29,0000-00-00,0,1,0,0,1271637991,
